days,miles,receipts,reimbursement,case_id,miles_per_day,receipts_per_day,reimbursement_per_day,cost_per_mile,sequence,cluster_kmeans,cluster_dbscan,cluster_gmm,trip_length_bucket,efficiency_bucket,receipt_bucket,efficiency_category,cents,outlier_zscore,outlier_iqr,outlier_iforest,outlier_lof,outlier_count,is_outlier
3,93.0,1.42,364.51,0,31.0,0.47333333333333333,121.50333333333333,0.015268817204301075,0,1,0,2,short(1-3),low(<50),low(<100),low,51,False,False,False,False,0,False
1,55.0,3.6,126.06,1,55.0,3.6,126.06,0.06545454545454546,1,1,0,3,short(1-3),medium(50-100),low(<100),low,6,False,False,False,False,0,False
1,47.0,17.97,128.91,2,47.0,17.97,128.91,0.3823404255319149,2,1,0,3,short(1-3),low(<50),low(<100),low,91,False,False,False,False,0,False
2,13.0,4.67,203.52,3,6.5,2.335,101.76,0.35923076923076924,3,1,0,2,short(1-3),low(<50),low(<100),low,52,False,False,False,False,0,False
3,88.0,5.78,380.37,4,29.333333333333332,1.9266666666666667,126.79,0.06568181818181819,4,1,0,2,short(1-3),low(<50),low(<100),low,37,False,False,False,False,0,False
1,76.0,13.74,158.35,5,76.0,13.74,158.35,0.18078947368421053,5,1,0,3,short(1-3),medium(50-100),low(<100),low,35,False,False,False,False,0,False
3,41.0,4.52,320.12,6,13.666666666666666,1.5066666666666666,106.70666666666666,0.11024390243902438,6,1,0,2,short(1-3),low(<50),low(<100),low,12,False,False,False,False,0,False
1,140.0,22.71,199.68,7,140.0,22.71,199.68,0.16221428571428573,7,1,0,3,short(1-3),high(100-200),low(<100),low,68,False,False,False,False,0,False
3,121.0,21.17,464.07,8,40.333333333333336,7.0566666666666675,154.69,0.17495867768595041,8,1,0,2,short(1-3),low(<50),low(<100),low,7,False,False,False,False,0,False
3,117.0,21.99,359.1,9,39.0,7.329999999999999,119.7,0.18794871794871792,9,1,0,2,short(1-3),low(<50),low(<100),low,10,False,False,False,False,0,False
2,202.0,21.24,356.17,10,101.0,10.62,178.085,0.10514851485148514,10,1,0,2,short(1-3),high(100-200),low(<100),low,17,False,False,False,False,0,False
3,80.0,21.05,366.87,11,26.666666666666668,7.016666666666667,122.29,0.263125,11,1,0,2,short(1-3),low(<50),low(<100),low,87,False,False,False,False,0,False
2,21.0,20.04,204.58,12,10.5,10.02,102.29,0.9542857142857143,12,1,0,2,short(1-3),low(<50),low(<100),low,58,False,False,False,False,0,False
3,177.0,18.73,430.86,13,59.0,6.243333333333333,143.62,0.10581920903954803,13,1,0,2,short(1-3),medium(50-100),low(<100),low,86,False,False,False,False,0,False
1,141.0,10.15,195.14,14,141.0,10.15,195.14,0.07198581560283689,14,1,0,3,short(1-3),high(100-200),low(<100),low,14,False,False,False,False,0,False
1,58.0,5.86,117.24,15,58.0,5.86,117.24,0.10103448275862069,15,1,0,3,short(1-3),medium(50-100),low(<100),low,24,False,False,False,False,0,False
1,133.0,8.34,179.06,16,133.0,8.34,179.06,0.06270676691729324,16,1,0,3,short(1-3),high(100-200),low(<100),low,6,False,False,False,False,0,False
1,59.0,8.31,120.65,17,59.0,8.31,120.65,0.14084745762711864,17,1,0,3,short(1-3),medium(50-100),low(<100),low,65,False,False,False,False,0,False
2,89.0,13.85,234.2,18,44.5,6.925,117.1,0.1556179775280899,18,1,0,2,short(1-3),low(<50),low(<100),low,20,False,False,False,False,0,False
2,147.0,17.43,325.56,19,73.5,8.715,162.78,0.11857142857142856,19,1,0,2,short(1-3),medium(50-100),low(<100),low,56,False,False,False,False,0,False
5,130.0,306.9,574.1,20,26.0,61.379999999999995,114.82000000000001,2.3607692307692307,20,1,0,1,medium(4-6),low(<50),medium(100-500),low,10,False,False,False,False,0,False
5,173.0,1337.9,1443.96,21,34.6,267.58000000000004,288.79200000000003,7.733526011560694,21,1,0,1,medium(4-6),low(<50),very_high(1000+),low,96,False,False,False,False,0,False
5,592.0,433.75,869.0,22,118.4,86.75,173.8,0.7326858108108109,22,1,0,1,medium(4-6),high(100-200),medium(100-500),low,0,False,False,False,False,0,False
5,679.0,476.08,1030.41,23,135.8,95.216,206.08200000000002,0.7011487481590574,23,1,0,1,medium(4-6),high(100-200),medium(100-500),low,41,False,False,False,False,0,False
5,708.0,1129.52,1654.62,24,141.6,225.904,330.924,1.595367231638418,24,1,0,1,medium(4-6),high(100-200),very_high(1000+),low,62,False,False,False,False,0,False
5,261.0,464.94,621.12,25,52.2,92.988,124.224,1.7813793103448277,25,1,0,1,medium(4-6),medium(50-100),medium(100-500),low,12,False,False,False,False,0,False
5,794.0,511.0,1139.94,26,158.8,102.2,227.988,0.6435768261964736,26,1,0,1,medium(4-6),high(100-200),high(500-1000),low,94,False,False,False,False,0,False
5,521.0,1448.55,1624.01,27,104.2,289.71,324.802,2.7803262955854127,27,2,0,1,medium(4-6),high(100-200),very_high(1000+),low,1,False,False,False,False,0,False
5,595.0,863.93,1231.67,28,119.0,172.786,246.334,1.4519831932773108,28,1,0,1,medium(4-6),high(100-200),high(500-1000),low,67,False,False,False,False,0,False
5,811.0,952.39,1608.6,29,162.2,190.478,321.71999999999997,1.1743403205918619,29,1,0,1,medium(4-6),high(100-200),high(500-1000),low,60,False,False,False,False,0,False
5,477.0,704.42,1045.96,30,95.4,140.884,209.192,1.4767714884696015,30,1,0,1,medium(4-6),medium(50-100),high(500-1000),low,96,False,False,False,False,0,False
5,730.0,485.73,991.49,31,146.0,97.146,198.298,0.6653835616438356,31,1,0,1,medium(4-6),high(100-200),medium(100-500),low,49,False,False,False,False,0,False
5,262.0,1173.79,1485.59,32,52.4,234.75799999999998,297.118,4.480114503816794,32,1,0,1,medium(4-6),medium(50-100),very_high(1000+),low,59,False,False,False,False,0,False
5,446.0,219.98,788.62,33,89.2,43.995999999999995,157.724,0.4932286995515695,33,1,0,1,medium(4-6),medium(50-100),medium(100-500),low,62,False,False,False,False,0,False
5,751.0,407.43,1063.46,34,150.2,81.486,212.692,0.5425166444740346,34,1,0,1,medium(4-6),high(100-200),medium(100-500),low,46,False,False,False,False,0,False
5,324.0,128.94,686.54,35,64.8,25.788,137.308,0.39796296296296296,35,1,0,1,medium(4-6),medium(50-100),medium(100-500),low,54,False,False,False,False,0,False
5,414.0,967.0,1368.94,36,82.8,193.4,273.788,2.3357487922705316,36,1,0,1,medium(4-6),medium(50-100),high(500-1000),low,94,False,False,False,False,0,False
5,367.0,290.78,742.25,37,73.4,58.15599999999999,148.45,0.7923160762942778,37,1,0,1,medium(4-6),medium(50-100),medium(100-500),low,25,False,False,False,False,0,False
5,764.0,848.75,1468.46,38,152.8,169.75,293.692,1.1109293193717278,38,1,0,1,medium(4-6),high(100-200),high(500-1000),low,46,False,False,False,False,0,False
5,249.0,873.75,1185.24,39,49.8,174.75,237.048,3.5090361445783134,39,1,0,1,medium(4-6),low(<50),high(500-1000),low,24,False,False,False,False,0,False
8,862.0,1817.85,1719.37,40,107.75,227.23125,214.92125,2.108874709976798,40,0,0,1,long(7-10),high(100-200),very_high(1000+),low,37,False,False,False,False,0,False
11,927.0,1994.33,1779.12,41,84.27272727272727,181.30272727272725,161.7381818181818,2.151380798274002,41,0,0,0,very_long(11+),medium(50-100),very_high(1000+),low,12,False,False,False,False,0,False
9,602.0,186.69,1085.4,42,66.88888888888889,20.743333333333332,120.60000000000001,0.31011627906976746,42,1,0,0,long(7-10),medium(50-100),medium(100-500),low,40,False,False,False,False,0,False
8,610.0,208.29,841.27,43,76.25,26.03625,105.15875,0.3414590163934426,43,1,0,0,long(7-10),medium(50-100),medium(100-500),low,27,False,False,False,False,0,False
12,333.0,1103.21,1618.13,44,27.75,91.93416666666667,134.84416666666667,3.312942942942943,44,0,0,0,very_long(11+),low(<50),very_high(1000+),low,13,False,False,False,False,0,False
8,435.0,1129.65,1525.26,45,54.375,141.20625,190.6575,2.596896551724138,45,1,0,0,long(7-10),medium(50-100),very_high(1000+),low,26,False,False,False,False,0,False
9,218.0,1203.45,1561.63,46,24.22222222222222,133.71666666666667,173.51444444444445,5.520412844036698,46,1,0,0,long(7-10),low(<50),very_high(1000+),low,63,False,False,False,False,0,False
12,781.0,1159.18,1752.72,47,65.08333333333333,96.59833333333334,146.06,1.484225352112676,47,0,0,0,very_long(11+),medium(50-100),very_high(1000+),low,72,False,False,False,False,0,False
11,916.0,1036.91,2098.07,48,83.27272727272727,94.26454545454546,190.73363636363638,1.1319978165938867,48,0,0,0,very_long(11+),medium(50-100),very_high(1000+),low,7,False,False,False,False,0,False
10,358.0,2066.62,1624.11,49,35.8,206.66199999999998,162.411,5.77268156424581,49,0,0,0,long(7-10),low(<50),very_high(1000+),low,11,False,False,False,False,0,False
12,566.0,2013.7,1752.03,50,47.166666666666664,167.80833333333334,146.0025,3.557773851590106,50,0,0,0,very_long(11+),low(<50),very_high(1000+),low,3,False,False,False,False,0,False
9,954.0,1483.39,2024.2,51,106.0,164.82111111111112,224.91111111111113,1.554916142557652,51,0,0,1,long(7-10),high(100-200),very_high(1000+),low,20,False,False,False,False,0,False
9,534.0,1929.94,1624.87,52,59.333333333333336,214.4377777777778,180.5411111111111,3.614119850187266,52,0,0,0,long(7-10),medium(50-100),very_high(1000+),low,87,False,False,False,False,0,False
12,765.0,1343.97,1953.03,53,63.75,111.9975,162.7525,1.7568235294117647,53,0,0,0,very_long(11+),medium(50-100),very_high(1000+),low,3,False,False,False,False,0,False
8,630.0,967.69,1388.05,54,78.75,120.96125,173.50625,1.536015873015873,54,1,0,0,long(7-10),medium(50-100),high(500-1000),low,5,False,False,False,False,0,False
10,909.0,696.0,1505.19,55,90.9,69.6,150.519,0.7656765676567657,55,0,0,0,long(7-10),medium(50-100),high(500-1000),low,19,False,False,False,False,0,False
10,223.0,745.89,1037.45,56,22.3,74.589,103.745,3.344798206278027,56,1,0,0,long(7-10),low(<50),high(500-1000),low,45,False,False,False,False,0,False
8,467.0,1178.71,1483.33,57,58.375,147.33875,185.41625,2.5240042826552465,57,1,0,0,long(7-10),medium(50-100),very_high(1000+),low,33,False,False,False,False,0,False
9,708.0,461.07,1110.6,58,78.66666666666667,51.23,123.39999999999999,0.651228813559322,58,1,0,0,long(7-10),medium(50-100),medium(100-500),low,59,False,False,False,False,0,False
9,885.0,1764.97,1694.37,59,98.33333333333333,196.10777777777778,188.26333333333332,1.994316384180791,59,0,0,1,long(7-10),medium(50-100),very_high(1000+),low,37,False,False,False,False,0,False
6,855.0,591.35,1339.72,60,142.5,98.55833333333334,223.28666666666666,0.6916374269005848,60,1,0,1,medium(4-6),high(100-200),high(500-1000),low,72,False,False,False,False,0,False
2,993.0,54.24,715.19,61,496.5,27.12,357.595,0.05462235649546828,61,1,-1,2,short(1-3),very_high(200+),low(<100),high,19,False,False,False,True,1,False
5,685.0,747.14,1216.36,62,137.0,149.428,243.272,1.0907153284671534,62,1,0,1,medium(4-6),high(100-200),high(500-1000),low,35,False,False,False,False,0,False
3,981.0,341.45,813.95,63,327.0,113.81666666666666,271.31666666666666,0.34806320081549436,63,1,0,2,short(1-3),very_high(200+),medium(100-500),high,95,False,False,False,False,0,False
5,770.0,873.33,1502.49,64,154.0,174.666,300.498,1.1341948051948052,64,1,0,1,medium(4-6),high(100-200),high(500-1000),low,49,False,False,False,False,0,False
6,697.0,651.64,1237.71,65,116.16666666666667,108.60666666666667,206.285,0.9349210903873745,65,1,0,1,medium(4-6),high(100-200),high(500-1000),low,71,False,False,False,False,0,False
3,795.0,450.85,743.94,66,265.0,150.28333333333333,247.98000000000002,0.5671069182389937,66,1,0,2,short(1-3),very_high(200+),medium(100-500),high,94,False,False,False,False,0,False
3,606.0,1184.23,1364.54,67,202.0,394.74333333333334,454.84666666666664,1.954174917491749,67,2,-1,2,short(1-3),very_high(200+),very_high(1000+),optimal,54,False,False,False,True,1,False
3,842.0,865.37,1251.14,68,280.6666666666667,288.45666666666665,417.0466666666667,1.0277553444180523,68,2,0,2,short(1-3),very_high(200+),high(500-1000),high,14,False,False,False,False,0,False
7,748.0,241.73,971.31,69,106.85714285714286,34.53285714285714,138.75857142857143,0.323168449197861,69,1,0,1,long(7-10),high(100-200),medium(100-500),low,31,False,False,False,False,0,False
7,624.0,148.16,905.79,70,89.14285714285714,21.165714285714284,129.39857142857142,0.23743589743589744,70,1,0,1,long(7-10),medium(50-100),medium(100-500),low,79,False,False,False,False,0,False
2,713.0,740.33,1048.28,71,356.5,370.165,524.14,1.0383309957924265,71,2,1,2,short(1-3),very_high(200+),high(500-1000),high,28,False,False,False,False,0,False
3,874.0,1191.4,1515.99,72,291.3333333333333,397.1333333333334,505.33,1.3631578947368421,72,2,-1,2,short(1-3),very_high(200+),very_high(1000+),high,99,False,False,False,False,0,False
6,761.0,530.19,1120.1,73,126.83333333333333,88.36500000000001,186.6833333333333,0.6967017082785809,73,1,0,1,medium(4-6),high(100-200),high(500-1000),low,9,False,False,False,False,0,False
1,815.0,97.89,539.36,74,815.0,97.89,539.36,0.12011042944785276,74,3,-1,3,short(1-3),very_high(200+),low(<100),high,36,False,False,True,True,2,True
1,601.0,497.7,644.12,75,601.0,497.7,644.12,0.8281198003327787,75,3,-1,3,short(1-3),very_high(200+),medium(100-500),high,12,False,False,False,True,1,False
7,817.0,1127.87,1809.91,76,116.71428571428571,161.1242857142857,258.55857142857144,1.380501835985312,76,0,0,1,long(7-10),high(100-200),very_high(1000+),low,91,False,False,False,False,0,False
1,606.0,923.0,1050.05,77,606.0,923.0,1050.05,1.523102310231023,77,3,-1,3,short(1-3),very_high(200+),high(500-1000),high,5,False,False,False,False,0,False
1,909.0,741.82,866.07,78,909.0,741.82,866.07,0.8160836083608362,78,3,-1,3,short(1-3),very_high(200+),high(500-1000),high,7,False,False,True,False,1,False
3,624.0,1160.92,1459.34,79,208.0,386.97333333333336,486.44666666666666,1.8604487179487181,79,2,-1,2,short(1-3),very_high(200+),very_high(1000+),optimal,34,False,False,False,True,1,False
4,650.0,619.49,676.38,80,162.5,154.8725,169.095,0.9530615384615385,80,1,0,1,medium(4-6),high(100-200),high(500-1000),low,38,False,False,False,False,0,False
6,204.0,818.99,628.4,81,34.0,136.49833333333333,104.73333333333333,4.014656862745098,81,1,0,1,medium(4-6),low(<50),high(500-1000),low,40,False,False,False,False,0,False
1,263.0,396.49,198.42,82,263.0,396.49,198.42,1.5075665399239544,82,1,-1,3,short(1-3),very_high(200+),medium(100-500),high,42,False,False,False,False,0,False
1,451.0,555.49,162.18,83,451.0,555.49,162.18,1.2316851441241685,83,2,-1,3,short(1-3),very_high(200+),high(500-1000),high,18,False,False,False,False,0,False
10,424.0,474.99,831.96,84,42.4,47.499,83.196,1.1202594339622642,84,1,0,0,long(7-10),low(<50),medium(100-500),low,96,False,False,False,False,0,False
2,565.0,389.49,415.96,85,282.5,194.745,207.98,0.6893628318584071,85,1,-1,2,short(1-3),very_high(200+),medium(100-500),high,96,False,False,False,False,0,False
9,397.0,348.49,913.29,86,44.111111111111114,38.721111111111114,101.47666666666666,0.877808564231738,86,1,0,0,long(7-10),low(<50),medium(100-500),low,29,False,False,False,False,0,False
1,532.0,413.99,355.57,87,532.0,413.99,355.57,0.7781766917293234,87,2,-1,3,short(1-3),very_high(200+),medium(100-500),high,57,False,False,False,True,1,False
2,384.0,495.49,290.36,88,192.0,247.745,145.18,1.2903385416666666,88,1,-1,2,short(1-3),high(100-200),medium(100-500),optimal,36,False,False,False,False,0,False
5,754.0,489.99,765.13,89,150.8,97.998,153.026,0.6498541114058356,89,1,0,1,medium(4-6),high(100-200),medium(100-500),low,13,False,False,False,False,0,False
1,344.46,813.85,707.88,90,344.46,813.85,707.88,2.3626836207397086,90,2,2,3,short(1-3),very_high(200+),high(500-1000),high,88,False,False,False,False,0,False
3,906.3,540.03,848.42,91,302.09999999999997,180.01,282.8066666666667,0.5958622972525653,91,1,0,2,short(1-3),very_high(200+),high(500-1000),high,42,False,False,False,False,0,False
3,1007.56,187.52,764.64,92,335.8533333333333,62.50666666666667,254.88,0.1861129858271468,92,1,0,2,short(1-3),very_high(200+),medium(100-500),high,64,False,False,False,False,0,False
1,359.62,221.15,255.57,93,359.62,221.15,255.57,0.6149546743785107,93,1,-1,3,short(1-3),very_high(200+),medium(100-500),high,57,False,False,False,False,0,False
1,362.79,749.19,636.51,94,362.79,749.19,636.51,2.0650789713057143,94,2,2,3,short(1-3),very_high(200+),high(500-1000),high,51,False,False,False,False,0,False
1,288.72,159.26,303.94,95,288.72,159.26,303.94,0.5516070933776669,95,1,-1,3,short(1-3),very_high(200+),medium(100-500),high,94,False,False,False,False,0,False
2,782.17,830.72,1165.44,96,391.085,415.36,582.72,1.0620709053019166,96,2,1,2,short(1-3),very_high(200+),high(500-1000),high,44,False,False,False,False,0,False
2,623.18,347.54,625.15,97,311.59,173.77,312.575,0.5576879874193653,97,1,-1,2,short(1-3),very_high(200+),medium(100-500),high,15,False,False,False,False,0,False
3,1061.15,388.5,693.36,98,353.7166666666667,129.5,231.12,0.3661122367243085,98,1,0,2,short(1-3),very_high(200+),medium(100-500),high,36,False,False,False,False,0,False
1,252.75,285.5,331.74,99,252.75,285.5,331.74,1.129574678536103,99,1,-1,3,short(1-3),very_high(200+),medium(100-500),high,74,False,False,False,True,1,False
3,1020.39,250.62,779.08,100,340.13,83.54,259.6933333333333,0.24561197189309972,100,1,0,2,short(1-3),very_high(200+),medium(100-500),high,8,False,False,False,False,0,False
1,257.97,816.81,738.01,101,257.97,816.81,738.01,3.166298406791487,101,2,-1,3,short(1-3),very_high(200+),high(500-1000),high,1,False,False,False,False,0,False
3,1025.03,592.55,992.4,102,341.6766666666667,197.51666666666665,330.8,0.5780806415421987,102,1,0,2,short(1-3),very_high(200+),high(500-1000),high,40,False,False,False,False,0,False
2,794.32,402.31,671.06,103,397.16,201.155,335.53,0.5064835330849028,103,1,1,2,short(1-3),very_high(200+),medium(100-500),high,6,False,False,False,False,0,False
1,276.85,485.54,361.66,104,276.85,485.54,361.66,1.7538016976702184,104,1,-1,3,short(1-3),very_high(200+),medium(100-500),high,66,False,False,False,False,0,False
2,851.68,473.96,650.68,105,425.84,236.98,325.34,0.5565000939319933,105,1,1,2,short(1-3),very_high(200+),medium(100-500),high,67,False,False,False,False,0,False
3,859.12,611.07,960.47,106,286.37333333333333,203.69000000000003,320.1566666666667,0.7112743272185492,106,1,0,2,short(1-3),very_high(200+),high(500-1000),high,47,False,False,False,False,0,False
3,1317.07,476.87,787.42,107,439.0233333333333,158.95666666666668,262.4733333333333,0.36206883461015743,107,1,-1,2,short(1-3),very_high(200+),medium(100-500),high,42,False,False,False,True,1,False
1,388.1,827.37,741.46,108,388.1,827.37,741.46,2.1318474619943313,108,2,2,3,short(1-3),very_high(200+),high(500-1000),high,46,False,False,False,False,0,False
1,264.39,758.27,636.19,109,264.39,758.27,636.19,2.8679980332085178,109,2,2,3,short(1-3),very_high(200+),high(500-1000),high,19,False,False,False,False,0,False
5,198.21,594.83,807.48,110,39.642,118.96600000000001,161.496,3.001009030825892,110,1,0,1,medium(4-6),low(<50),high(500-1000),low,48,False,False,False,False,0,False
6,72.85,457.75,666.59,111,12.141666666666666,76.29166666666667,111.09833333333334,6.283459162663006,111,1,0,1,medium(4-6),low(<50),medium(100-500),low,59,False,False,False,False,0,False
8,297.64,481.09,835.08,112,37.205,60.13625,104.385,1.6163486090579222,112,1,0,0,long(7-10),low(<50),medium(100-500),low,8,False,False,False,False,0,False
7,237.33,1262.27,1452.17,113,33.90428571428571,180.3242857142857,207.45285714285714,5.318628070618969,113,1,0,1,long(7-10),low(<50),very_high(1000+),low,17,False,False,False,False,0,False
5,195.73,1228.49,511.23,114,39.146,245.698,102.24600000000001,6.276452255658305,114,1,0,1,medium(4-6),low(<50),very_high(1000+),low,23,False,False,False,False,0,False
8,276.28,1179.9,1522.6,115,34.535,147.4875,190.325,4.270667438830173,115,1,0,0,long(7-10),low(<50),very_high(1000+),low,60,False,False,False,False,0,False
8,302.24,1046.04,1353.77,116,37.78,130.755,169.22125,3.460958178930651,116,1,0,0,long(7-10),low(<50),very_high(1000+),low,77,False,False,False,False,0,False
8,266.87,252.08,880.41,117,33.35875,31.51,110.05125,0.9445797579345749,117,1,0,0,long(7-10),low(<50),medium(100-500),low,41,False,False,False,False,0,False
9,310.69,239.64,828.16,118,34.52111111111111,26.626666666666665,92.01777777777778,0.771315459139335,118,1,0,0,long(7-10),low(<50),medium(100-500),low,16,False,False,False,False,0,False
6,222.08,709.07,1031.34,119,37.013333333333335,118.17833333333334,171.89,3.192858429394813,119,1,0,1,medium(4-6),low(<50),high(500-1000),low,33,False,False,False,False,0,False
8,264.94,720.67,1019.85,120,33.1175,90.08375,127.48125,2.7201253113912585,120,1,0,0,long(7-10),low(<50),high(500-1000),low,85,False,False,False,False,0,False
8,161.15,1230.37,1499.24,121,20.14375,153.79625,187.405,7.634936394663356,121,1,0,0,long(7-10),low(<50),very_high(1000+),low,24,False,False,False,False,0,False
9,259.96,554.74,835.54,122,28.88444444444444,61.63777777777778,92.83777777777777,2.1339436836436376,122,1,0,0,long(7-10),low(<50),high(500-1000),low,54,False,False,False,False,0,False
9,97.85,518.56,850.57,123,10.872222222222222,57.617777777777775,94.50777777777779,5.299540112416964,123,1,0,0,long(7-10),low(<50),high(500-1000),low,57,False,False,False,False,0,False
9,194.34,1054.93,1374.9,124,21.593333333333334,117.21444444444445,152.76666666666668,5.428270042194093,124,1,0,0,long(7-10),low(<50),very_high(1000+),low,90,False,False,False,False,0,False
9,332.35,374.61,830.45,125,36.92777777777778,41.623333333333335,92.27222222222223,1.1271551075673236,125,1,0,0,long(7-10),low(<50),medium(100-500),low,45,False,False,False,False,0,False
5,126.44,696.14,845.35,126,25.288,139.228,169.07,5.505694400506169,126,1,0,1,medium(4-6),low(<50),high(500-1000),low,35,False,False,False,False,0,False
5,66.13,848.03,1050.25,127,13.225999999999999,169.606,210.05,12.823680629063965,127,1,0,1,medium(4-6),low(<50),high(500-1000),low,25,False,False,False,False,0,False
6,135.34,1144.13,1478.11,128,22.55666666666667,190.68833333333336,246.35166666666666,8.453746120880746,128,1,0,1,medium(4-6),low(<50),very_high(1000+),low,11,False,False,False,False,0,False
6,233.7,346.98,648.57,129,38.949999999999996,57.830000000000005,108.09500000000001,1.4847240051347883,129,1,0,1,medium(4-6),low(<50),medium(100-500),low,57,False,False,False,False,0,False
9,849.0,1007.41,1785.47,130,94.33333333333333,111.93444444444444,198.38555555555556,1.1865842167255594,130,0,0,0,long(7-10),medium(50-100),very_high(1000+),low,47,False,False,False,False,0,False
6,806.0,1760.64,1718.76,131,134.33333333333334,293.44,286.46,2.184416873449132,131,2,0,1,medium(4-6),high(100-200),very_high(1000+),low,76,False,False,False,False,0,False
8,891.0,1194.36,2016.46,132,111.375,149.295,252.0575,1.3404713804713804,132,0,0,1,long(7-10),high(100-200),very_high(1000+),low,46,False,False,False,False,0,False
9,1182.0,1342.24,2164.15,133,131.33333333333334,149.13777777777779,240.4611111111111,1.1355668358714044,133,0,0,1,long(7-10),high(100-200),very_high(1000+),low,15,False,False,False,False,0,False
7,1010.0,1514.03,2063.98,134,144.28571428571428,216.29,294.8542857142857,1.499039603960396,134,0,0,1,long(7-10),high(100-200),very_high(1000+),low,98,False,False,False,False,0,False
8,892.0,1768.53,1902.37,135,111.5,221.06625,237.79625,1.9826569506726457,135,0,0,1,long(7-10),high(100-200),very_high(1000+),low,37,False,False,False,False,0,False
6,825.0,1692.73,1817.77,136,137.5,282.12166666666667,302.96166666666664,2.0517939393939395,136,0,0,1,medium(4-6),high(100-200),very_high(1000+),low,77,False,False,False,False,0,False
8,1118.0,1758.52,1852.47,137,139.75,219.815,231.55875,1.5729159212880144,137,0,0,1,long(7-10),high(100-200),very_high(1000+),low,47,False,False,False,False,0,False
8,1064.0,1756.52,1857.04,138,133.0,219.565,232.13,1.6508646616541354,138,0,0,1,long(7-10),high(100-200),very_high(1000+),low,4,False,False,False,False,0,False
6,811.0,1252.04,1771.8,139,135.16666666666666,208.67333333333332,295.3,1.543822441430333,139,0,0,1,medium(4-6),high(100-200),very_high(1000+),low,80,False,False,False,False,0,False
7,889.0,1417.96,1826.08,140,127.0,202.56571428571428,260.86857142857144,1.595005624296963,140,0,0,1,long(7-10),high(100-200),very_high(1000+),low,8,False,False,False,False,0,False
9,1012.0,1429.04,1880.76,141,112.44444444444444,158.78222222222223,208.97333333333333,1.412094861660079,141,0,0,1,long(7-10),high(100-200),very_high(1000+),low,76,False,False,False,False,0,False
6,909.0,1332.18,1720.21,142,151.5,222.03,286.70166666666665,1.4655445544554455,142,0,0,1,medium(4-6),high(100-200),very_high(1000+),low,21,False,False,False,False,0,False
9,1096.0,1690.22,1894.85,143,121.77777777777777,187.8022222222222,210.5388888888889,1.5421715328467154,143,0,0,1,long(7-10),high(100-200),very_high(1000+),low,85,False,False,False,False,0,False
9,913.0,1021.29,1964.86,144,101.44444444444444,113.47666666666666,218.31777777777776,1.1186089813800657,144,0,0,0,long(7-10),high(100-200),very_high(1000+),low,86,False,False,False,False,0,False
6,1006.0,1219.71,1803.97,145,167.66666666666666,203.285,300.6616666666667,1.2124353876739562,145,0,0,1,medium(4-6),high(100-200),very_high(1000+),low,97,False,False,False,False,0,False
6,907.0,1650.17,1737.86,146,151.16666666666666,275.02833333333336,289.6433333333333,1.8193715545755238,146,0,0,1,medium(4-6),high(100-200),very_high(1000+),low,86,False,False,False,False,0,False
9,816.0,1171.81,1780.58,147,90.66666666666667,130.20111111111112,197.8422222222222,1.4360416666666667,147,0,0,0,long(7-10),medium(50-100),very_high(1000+),low,58,False,False,False,False,0,False
7,1006.0,1181.33,2279.82,148,143.71428571428572,168.76142857142855,325.68857142857144,1.1742842942345924,148,0,0,1,long(7-10),high(100-200),very_high(1000+),low,82,False,False,False,False,0,False
6,835.0,1404.28,1765.79,149,139.16666666666666,234.04666666666665,294.29833333333335,1.6817724550898203,149,0,0,1,medium(4-6),high(100-200),very_high(1000+),low,79,False,False,False,False,0,False
12,528.0,2476.41,1662.88,150,44.0,206.36749999999998,138.57333333333335,4.690170454545454,150,0,0,0,very_long(11+),low(<50),very_high(1000+),low,88,False,False,False,False,0,False
4,69.0,2321.49,322.0,151,17.25,580.3725,80.5,33.64478260869565,151,2,0,2,medium(4-6),low(<50),very_high(1000+),low,0,False,False,False,False,0,False
11,1179.0,31.36,1550.55,152,107.18181818181819,2.850909090909091,140.95909090909092,0.026598812553011025,152,0,0,0,very_long(11+),high(100-200),low(<100),low,55,False,False,False,False,0,False
13,756.0,954.4,1793.07,153,58.15384615384615,73.41538461538461,137.92846153846153,1.2624338624338625,153,0,0,0,very_long(11+),medium(50-100),high(500-1000),low,7,False,False,False,False,0,False
1,123.0,2076.65,1171.68,154,123.0,2076.65,1171.68,16.883333333333333,154,2,-1,3,short(1-3),high(100-200),very_high(1000+),low,68,False,False,True,True,2,True
3,1162.0,2152.66,1434.71,155,387.3333333333333,717.5533333333333,478.2366666666667,1.8525473321858863,155,2,5,2,short(1-3),very_high(200+),very_high(1000+),high,71,False,False,False,False,0,False
1,822.0,2170.53,1374.91,156,822.0,2170.53,1374.91,2.640547445255475,156,3,-1,3,short(1-3),very_high(200+),very_high(1000+),high,91,False,False,True,False,1,False
11,558.0,1549.86,1823.47,157,50.72727272727273,140.89636363636362,165.77,2.77752688172043,157,0,0,0,very_long(11+),medium(50-100),very_high(1000+),low,47,False,False,False,False,0,False
2,753.0,1111.16,1353.87,158,376.5,555.58,676.935,1.475644090305445,158,2,-1,2,short(1-3),very_high(200+),very_high(1000+),high,87,False,False,False,False,0,False
10,224.0,407.51,794.7,159,22.4,40.751,79.47,1.8192410714285714,159,1,0,0,long(7-10),low(<50),medium(100-500),low,70,False,False,False,False,0,False
6,383.0,462.79,800.3,160,63.833333333333336,77.13166666666667,133.38333333333333,1.2083289817232377,160,1,0,1,medium(4-6),medium(50-100),medium(100-500),low,30,False,False,False,False,0,False
8,1005.0,1391.37,1987.39,161,125.625,173.92125,248.42375,1.3844477611940298,161,0,0,1,long(7-10),high(100-200),very_high(1000+),low,39,False,False,False,False,0,False
10,1145.0,311.43,1366.61,162,114.5,31.143,136.661,0.2719912663755459,162,0,0,0,long(7-10),high(100-200),medium(100-500),low,61,False,False,False,False,0,False
5,1004.0,2367.63,1743.85,163,200.8,473.526,348.77,2.3581972111553786,163,2,0,1,medium(4-6),very_high(200+),very_high(1000+),optimal,85,False,False,False,False,0,False
5,873.0,1402.35,1676.79,164,174.6,280.46999999999997,335.358,1.606357388316151,164,2,0,1,medium(4-6),high(100-200),very_high(1000+),low,79,False,False,False,False,0,False
2,165.0,1813.32,1273.45,165,82.5,906.66,636.725,10.989818181818181,165,2,-1,2,short(1-3),medium(50-100),very_high(1000+),low,45,False,False,False,False,0,False
5,1076.0,190.33,879.65,166,215.2,38.066,175.93,0.17688661710037176,166,1,0,1,medium(4-6),very_high(200+),medium(100-500),optimal,65,False,False,False,False,0,False
12,986.0,2390.92,1760.0,167,82.16666666666667,199.24333333333334,146.66666666666666,2.424868154158215,167,0,0,0,very_long(11+),medium(50-100),very_high(1000+),low,0,False,False,False,False,0,False
7,948.0,657.17,1578.97,168,135.42857142857142,93.88142857142857,225.56714285714287,0.693217299578059,168,1,0,1,long(7-10),high(100-200),high(500-1000),low,97,False,False,False,False,0,False
3,429.0,2400.13,1411.95,169,143.0,800.0433333333334,470.65000000000003,5.594708624708625,169,2,-1,2,short(1-3),high(100-200),very_high(1000+),low,95,False,False,False,False,0,False
4,362.0,646.43,788.53,170,90.5,161.6075,197.1325,1.7857182320441987,170,1,0,1,medium(4-6),medium(50-100),high(500-1000),low,53,False,False,False,False,0,False
2,622.0,1871.56,1494.23,171,311.0,935.78,747.115,3.0089389067524115,171,2,-1,2,short(1-3),very_high(200+),very_high(1000+),high,23,False,False,False,False,0,False
1,140.0,255.99,150.34,172,140.0,255.99,150.34,1.8285,172,1,0,3,short(1-3),high(100-200),medium(100-500),low,34,False,False,False,True,1,False
8,123.0,612.55,851.24,173,15.375,76.56875,106.405,4.980081300813008,173,1,0,0,long(7-10),low(<50),high(500-1000),low,24,False,False,False,False,0,False
4,87.0,2463.92,1413.52,174,21.75,615.98,353.38,28.320919540229887,174,2,0,2,medium(4-6),low(<50),very_high(1000+),low,52,False,False,False,False,0,False
10,164.0,1144.9,1516.43,175,16.4,114.49000000000001,151.643,6.98109756097561,175,1,0,0,long(7-10),low(<50),very_high(1000+),low,43,False,False,False,False,0,False
1,989.0,2196.84,1439.17,176,989.0,2196.84,1439.17,2.221274014155713,176,3,-1,3,short(1-3),very_high(200+),very_high(1000+),high,17,False,False,True,False,1,False
4,470.0,1968.63,1501.1,177,117.5,492.1575,375.275,4.188574468085107,177,2,0,2,medium(4-6),high(100-200),very_high(1000+),low,10,False,False,False,False,0,False
1,37.0,1397.17,1092.94,178,37.0,1397.17,1092.94,37.76135135135135,178,2,-1,3,short(1-3),low(<50),very_high(1000+),low,94,False,False,True,True,2,True
8,488.0,439.7,1030.13,179,61.0,54.9625,128.76625,0.9010245901639344,179,1,0,0,long(7-10),medium(50-100),medium(100-500),low,13,False,False,False,False,0,False
12,757.0,897.4,1780.07,180,63.083333333333336,74.78333333333333,148.33916666666667,1.1854689564068692,180,0,0,0,very_long(11+),medium(50-100),high(500-1000),low,7,False,False,False,False,0,False
14,958.0,1727.76,2065.16,181,68.42857142857143,123.41142857142857,147.51142857142855,1.8035073068893528,181,0,0,0,very_long(11+),medium(50-100),very_high(1000+),low,16,False,False,False,False,0,False
2,456.0,2390.7,1342.39,182,228.0,1195.35,671.195,5.2427631578947365,182,2,-1,2,short(1-3),very_high(200+),very_high(1000+),high,39,False,False,False,True,1,False
5,733.0,41.18,771.83,183,146.6,8.236,154.366,0.056180081855388815,183,1,-1,1,medium(4-6),high(100-200),low(<100),low,83,False,False,False,False,0,False
5,291.0,1279.7,1477.12,184,58.2,255.94,295.424,4.397594501718213,184,1,0,1,medium(4-6),medium(50-100),very_high(1000+),low,12,False,False,False,False,0,False
10,478.0,2091.79,1568.41,185,47.8,209.179,156.841,4.376129707112971,185,0,0,0,long(7-10),low(<50),very_high(1000+),low,41,False,False,False,False,0,False
8,817.0,1455.73,1847.26,186,102.125,181.96625,230.9075,1.7817992656058752,186,0,0,1,long(7-10),high(100-200),very_high(1000+),low,26,False,False,False,False,0,False
6,1043.0,1404.35,1807.42,187,173.83333333333334,234.0583333333333,301.2366666666667,1.3464525407478427,187,0,0,1,medium(4-6),high(100-200),very_high(1000+),low,42,False,False,False,False,0,False
2,958.0,1855.58,1549.54,188,479.0,927.79,774.77,1.9369311064718162,188,3,-1,2,short(1-3),very_high(200+),very_high(1000+),high,54,False,False,False,False,0,False
9,524.0,474.75,935.4,189,58.22222222222222,52.75,103.93333333333334,0.9060114503816794,189,1,0,0,long(7-10),medium(50-100),medium(100-500),low,40,False,False,False,False,0,False
6,45.0,81.59,522.58,190,7.5,13.598333333333334,87.09666666666668,1.8131111111111111,190,1,0,1,medium(4-6),low(<50),low(<100),low,58,False,False,False,False,0,False
8,342.0,2259.06,1502.02,191,42.75,282.3825,187.7525,6.605438596491228,191,2,0,1,long(7-10),low(<50),very_high(1000+),low,2,False,False,False,False,0,False
12,379.0,1897.29,1682.98,192,31.583333333333332,158.1075,140.24833333333333,5.006042216358839,192,0,0,0,very_long(11+),low(<50),very_high(1000+),low,98,False,False,False,False,0,False
6,333.0,1254.68,1585.02,193,55.5,209.11333333333334,264.17,3.767807807807808,193,1,0,1,medium(4-6),medium(50-100),very_high(1000+),low,2,False,False,False,False,0,False
2,634.0,1739.81,1490.51,194,317.0,869.905,745.255,2.744179810725552,194,2,-1,2,short(1-3),very_high(200+),very_high(1000+),high,51,False,False,False,False,0,False
5,285.0,974.73,1282.84,195,57.0,194.946,256.568,3.420105263157895,195,1,0,1,medium(4-6),medium(50-100),high(500-1000),low,83,False,False,False,False,0,False
12,33.0,1249.13,1707.38,196,2.75,104.09416666666668,142.28166666666667,37.85242424242425,196,1,0,0,very_long(11+),low(<50),very_high(1000+),low,38,False,False,False,False,0,False
9,118.0,1285.82,1539.77,197,13.11111111111111,142.86888888888888,171.08555555555554,10.896779661016948,197,1,0,0,long(7-10),low(<50),very_high(1000+),low,77,False,False,False,False,0,False
1,420.0,2273.6,1220.35,198,420.0,2273.6,1220.35,5.413333333333333,198,3,-1,3,short(1-3),very_high(200+),very_high(1000+),high,34,False,False,True,False,1,False
11,312.0,2072.39,1586.22,199,28.363636363636363,188.3990909090909,144.2018181818182,6.64227564102564,199,0,0,0,very_long(11+),low(<50),very_high(1000+),low,22,False,False,False,False,0,False
10,753.0,2054.02,1779.08,200,75.3,205.402,177.908,2.727782204515272,200,0,0,0,long(7-10),medium(50-100),very_high(1000+),low,8,False,False,False,False,0,False
5,125.0,96.38,570.99,201,25.0,19.276,114.19800000000001,0.77104,201,1,0,1,medium(4-6),low(<50),low(<100),low,99,False,False,False,False,0,False
6,597.0,888.84,1395.65,202,99.5,148.14000000000001,232.60833333333335,1.4888442211055277,202,1,0,1,medium(4-6),medium(50-100),high(500-1000),low,65,False,False,False,False,0,False
12,1065.0,203.2,1408.25,203,88.75,16.933333333333334,117.35416666666667,0.1907981220657277,203,0,0,0,very_long(11+),medium(50-100),medium(100-500),low,25,False,False,False,False,0,False
1,214.0,540.03,402.81,204,214.0,540.03,402.81,2.523504672897196,204,1,-1,3,short(1-3),very_high(200+),high(500-1000),optimal,81,False,False,False,True,1,False
11,886.0,922.66,1852.24,205,80.54545454545455,83.87818181818182,168.38545454545454,1.0413769751693003,205,0,0,0,very_long(11+),medium(50-100),high(500-1000),low,24,False,False,False,False,0,False
10,621.0,978.73,1656.28,206,62.1,97.873,165.628,1.5760547504025766,206,0,0,0,long(7-10),medium(50-100),high(500-1000),low,28,False,False,False,False,0,False
4,1000.0,2355.34,1699.56,207,250.0,588.835,424.89,2.35534,207,2,0,2,medium(4-6),very_high(200+),very_high(1000+),high,56,False,False,False,False,0,False
13,534.0,1765.96,1881.36,208,41.07692307692308,135.84307692307692,144.72,3.3070411985018726,208,0,0,0,very_long(11+),low(<50),very_high(1000+),low,36,False,False,False,False,0,False
6,475.0,1800.71,1671.23,209,79.16666666666667,300.11833333333334,278.53833333333336,3.7909684210526318,209,2,0,1,medium(4-6),medium(50-100),very_high(1000+),low,23,False,False,False,False,0,False
11,623.0,2265.21,1739.18,210,56.63636363636363,205.92818181818183,158.10727272727274,3.635971107544141,210,0,0,0,very_long(11+),medium(50-100),very_high(1000+),low,18,False,False,False,False,0,False
1,620.0,973.91,1112.02,211,620.0,973.91,1112.02,1.5708225806451612,211,3,-1,3,short(1-3),very_high(200+),high(500-1000),high,2,False,False,False,False,0,False
13,1004.0,1757.75,1960.67,212,77.23076923076923,135.21153846153845,150.82076923076923,1.7507470119521913,212,0,0,0,very_long(11+),medium(50-100),very_high(1000+),low,67,False,False,False,False,0,False
8,962.0,1929.63,1897.19,213,120.25,241.20375,237.14875,2.005852390852391,213,0,0,1,long(7-10),high(100-200),very_high(1000+),low,19,False,False,False,False,0,False
14,516.0,1464.67,1842.1,214,36.857142857142854,104.61928571428572,131.57857142857142,2.8385077519379847,214,0,0,0,very_long(11+),low(<50),very_high(1000+),low,10,False,False,False,False,0,False
11,685.0,2272.75,1873.94,215,62.27272727272727,206.61363636363637,170.35818181818183,3.317883211678832,215,0,0,0,very_long(11+),medium(50-100),very_high(1000+),low,94,False,False,False,False,0,False
3,307.0,266.21,540.97,216,102.33333333333333,88.73666666666666,180.32333333333335,0.8671335504885993,216,1,0,2,short(1-3),high(100-200),medium(100-500),low,97,False,False,False,False,0,False
3,375.0,1346.21,1339.93,217,125.0,448.7366666666667,446.6433333333334,3.5898933333333334,217,2,0,2,short(1-3),high(100-200),very_high(1000+),low,93,False,False,False,False,0,False
4,1124.0,2177.18,1567.43,218,281.0,544.295,391.8575,1.9369928825622775,218,2,0,2,medium(4-6),very_high(200+),very_high(1000+),high,43,False,False,False,False,0,False
3,779.0,2110.9,1520.73,219,259.6666666666667,703.6333333333333,506.91,2.709756097560976,219,2,-1,2,short(1-3),very_high(200+),very_high(1000+),high,73,False,False,False,False,0,False
8,1173.0,671.25,1419.34,220,146.625,83.90625,177.4175,0.5722506393861893,220,0,0,1,long(7-10),high(100-200),high(500-1000),low,34,False,False,False,False,0,False
14,47.0,1667.14,1745.18,221,3.357142857142857,119.08142857142857,124.6557142857143,35.471063829787234,221,0,0,0,very_long(11+),low(<50),very_high(1000+),low,18,False,False,False,False,0,False
3,981.0,2008.83,1539.47,222,327.0,669.61,513.1566666666666,2.0477370030581037,222,2,5,2,short(1-3),very_high(200+),very_high(1000+),high,47,False,False,False,False,0,False
5,516.0,1450.67,1547.5,223,103.2,290.134,309.5,2.811375968992248,223,2,0,1,medium(4-6),high(100-200),very_high(1000+),low,50,False,False,False,False,0,False
6,471.0,332.51,872.19,224,78.5,55.41833333333333,145.365,0.7059660297239915,224,1,0,1,medium(4-6),medium(50-100),medium(100-500),low,19,False,False,False,False,0,False
2,941.0,1565.77,1432.79,225,470.5,782.885,716.395,1.66394261424017,225,3,-1,2,short(1-3),very_high(200+),very_high(1000+),high,79,False,False,False,False,0,False
10,377.0,301.96,837.36,226,37.7,30.195999999999998,83.736,0.8009549071618036,226,1,0,0,long(7-10),low(<50),medium(100-500),low,36,False,False,False,False,0,False
7,273.0,285.83,793.58,227,39.0,40.832857142857144,113.36857142857143,1.0469963369963369,227,1,0,0,long(7-10),low(<50),medium(100-500),low,58,False,False,False,False,0,False
1,458.0,834.7,737.28,228,458.0,834.7,737.28,1.8224890829694325,228,2,-1,3,short(1-3),very_high(200+),high(500-1000),high,28,False,False,False,False,0,False
11,772.0,932.31,1575.52,229,70.18181818181819,84.75545454545454,143.2290909090909,1.2076554404145077,229,0,0,0,very_long(11+),medium(50-100),high(500-1000),low,52,False,False,False,False,0,False
11,36.0,1541.47,1593.24,230,3.272727272727273,140.13363636363636,144.84,42.81861111111111,230,1,0,0,very_long(11+),low(<50),very_high(1000+),low,24,False,False,False,False,0,False
12,211.0,1048.29,1579.73,231,17.583333333333332,87.3575,131.64416666666668,4.968199052132701,231,1,0,0,very_long(11+),low(<50),very_high(1000+),low,73,False,False,False,False,0,False
7,987.0,2164.1,1839.67,232,141.0,309.15714285714284,262.81,2.1926038500506584,232,0,0,1,long(7-10),high(100-200),very_high(1000+),low,67,False,False,False,False,0,False
9,662.0,2275.59,1599.27,233,73.55555555555556,252.84333333333336,177.69666666666666,3.4374471299093656,233,0,0,1,long(7-10),medium(50-100),very_high(1000+),low,27,False,False,False,False,0,False
12,96.0,1164.37,1553.21,234,8.0,97.03083333333332,129.43416666666667,12.128854166666665,234,1,0,0,very_long(11+),low(<50),very_high(1000+),low,21,False,False,False,False,0,False
5,569.0,1856.7,1623.81,235,113.8,371.34000000000003,324.762,3.2630931458699473,235,2,0,1,medium(4-6),high(100-200),very_high(1000+),low,81,False,False,False,False,0,False
12,128.0,477.17,874.99,236,10.666666666666666,39.76416666666667,72.91583333333334,3.727890625,236,1,0,0,very_long(11+),low(<50),medium(100-500),low,99,False,False,False,False,0,False
4,886.0,2401.28,1698.0,237,221.5,600.32,424.5,2.7102483069977428,237,2,0,2,medium(4-6),very_high(200+),very_high(1000+),high,0,False,False,False,False,0,False
13,19.0,807.27,1331.53,238,1.4615384615384615,62.097692307692306,102.42538461538462,42.4878947368421,238,1,0,0,very_long(11+),low(<50),high(500-1000),low,53,False,False,False,False,0,False
8,275.0,2347.09,1454.47,239,34.375,293.38625,181.80875,8.534872727272727,239,2,0,1,long(7-10),low(<50),very_high(1000+),low,47,False,False,False,False,0,False
9,963.0,588.5,1434.42,240,107.0,65.38888888888889,159.38,0.6111111111111112,240,0,0,0,long(7-10),high(100-200),high(500-1000),low,42,False,False,False,False,0,False
14,1056.0,2489.69,1894.16,241,75.42857142857143,177.835,135.29714285714286,2.357660984848485,241,0,0,0,very_long(11+),medium(50-100),very_high(1000+),low,16,False,False,False,False,0,False
5,728.0,423.16,947.72,242,145.6,84.632,189.544,0.5812637362637363,242,1,0,1,medium(4-6),high(100-200),medium(100-500),low,72,False,False,False,False,0,False
4,286.0,1063.49,418.17,243,71.5,265.8725,104.5425,3.7184965034965036,243,1,0,1,medium(4-6),medium(50-100),very_high(1000+),low,17,False,False,False,False,0,False
11,332.0,1352.48,1663.39,244,30.181818181818183,122.95272727272727,151.21727272727273,4.073734939759036,244,0,0,0,very_long(11+),low(<50),very_high(1000+),low,39,False,False,False,False,0,False
12,49.0,1118.38,1494.81,245,4.083333333333333,93.19833333333334,124.5675,22.824081632653062,245,1,0,0,very_long(11+),low(<50),very_high(1000+),low,81,False,False,False,False,0,False
2,18.0,2503.46,1206.95,246,9.0,1251.73,603.475,139.0811111111111,246,2,-1,2,short(1-3),low(<50),very_high(1000+),low,95,False,False,True,True,2,True
14,592.0,1268.36,1930.24,247,42.285714285714285,90.59714285714286,137.87428571428572,2.1424999999999996,247,0,0,0,very_long(11+),low(<50),very_high(1000+),low,24,False,False,False,False,0,False
3,892.0,171.32,875.39,248,297.3333333333333,57.10666666666666,291.7966666666667,0.1920627802690583,248,1,0,2,short(1-3),very_high(200+),medium(100-500),high,39,False,False,False,False,0,False
11,741.0,1872.39,1847.08,249,67.36363636363636,170.21727272727273,167.91636363636363,2.526842105263158,249,0,0,0,very_long(11+),medium(50-100),very_high(1000+),low,8,False,False,False,False,0,False
14,807.0,2358.41,1819.41,250,57.642857142857146,168.45785714285714,129.95785714285714,2.922441140024783,250,0,0,0,very_long(11+),medium(50-100),very_high(1000+),low,41,False,False,False,False,0,False
5,873.0,1584.53,1796.7,251,174.6,316.906,359.34000000000003,1.8150400916380298,251,2,0,1,medium(4-6),high(100-200),very_high(1000+),low,70,False,False,False,False,0,False
3,1159.0,2209.44,1434.84,252,386.3333333333333,736.48,478.28,1.9063330457290768,252,2,5,2,short(1-3),very_high(200+),very_high(1000+),high,84,False,False,False,False,0,False
11,920.0,1338.65,1871.27,253,83.63636363636364,121.69545454545455,170.11545454545455,1.4550543478260871,253,0,0,0,very_long(11+),medium(50-100),very_high(1000+),low,27,False,False,False,False,0,False
1,388.0,390.7,332.06,254,388.0,390.7,332.06,1.006958762886598,254,1,-1,3,short(1-3),very_high(200+),medium(100-500),high,6,False,False,False,False,0,False
9,576.0,1059.79,1547.5,255,64.0,117.75444444444445,171.94444444444446,1.8399131944444445,255,1,0,0,long(7-10),medium(50-100),very_high(1000+),low,50,False,False,False,False,0,False
9,524.0,2367.12,1640.78,256,58.22222222222222,263.0133333333333,182.30888888888887,4.517404580152672,256,0,0,1,long(7-10),medium(50-100),very_high(1000+),low,78,False,False,False,False,0,False
10,459.0,2183.11,1559.59,257,45.9,218.311,155.959,4.756230936819172,257,0,0,0,long(7-10),low(<50),very_high(1000+),low,59,False,False,False,False,0,False
4,725.0,588.9,1097.95,258,181.25,147.225,274.4875,0.8122758620689655,258,1,0,1,medium(4-6),high(100-200),high(500-1000),optimal,95,False,False,False,False,0,False
1,992.0,958.87,1222.41,259,992.0,958.87,1222.41,0.9666028225806451,259,3,-1,3,short(1-3),very_high(200+),high(500-1000),high,41,False,False,True,False,1,False
10,536.0,2194.42,1615.13,260,53.6,219.442,161.513,4.094067164179105,260,0,0,0,long(7-10),medium(50-100),very_high(1000+),low,13,False,False,False,False,0,False
11,1126.0,1593.03,2143.74,261,102.36363636363636,144.82090909090908,194.88545454545454,1.4147690941385436,261,0,0,0,very_long(11+),high(100-200),very_high(1000+),low,73,False,False,False,False,0,False
10,314.0,1098.8,1539.1,262,31.4,109.88,153.91,3.4993630573248407,262,1,0,0,long(7-10),low(<50),very_high(1000+),low,10,False,False,False,False,0,False
1,9.0,2246.28,1120.22,263,9.0,2246.28,1120.22,249.5866666666667,263,2,-1,3,short(1-3),low(<50),very_high(1000+),low,22,False,False,True,True,2,True
11,706.0,1508.23,2030.59,264,64.18181818181819,137.1118181818182,184.5990909090909,2.136303116147309,264,0,0,0,very_long(11+),medium(50-100),very_high(1000+),low,59,False,False,False,False,0,False
10,976.0,2166.02,1775.03,265,97.6,216.602,177.503,2.219282786885246,265,0,0,0,long(7-10),medium(50-100),very_high(1000+),low,3,False,False,False,False,0,False
5,1028.0,653.19,1313.95,266,205.6,130.638,262.79,0.635398832684825,266,1,0,1,medium(4-6),very_high(200+),high(500-1000),optimal,95,False,False,False,False,0,False
8,1166.0,99.47,1149.07,267,145.75,12.43375,143.63375,0.08530874785591766,267,1,0,1,long(7-10),high(100-200),low(<100),low,7,False,False,False,False,0,False
12,882.0,1958.14,1944.88,268,73.5,163.17833333333334,162.07333333333335,2.2201133786848075,268,0,0,0,very_long(11+),medium(50-100),very_high(1000+),low,88,False,False,False,False,0,False
11,448.0,732.79,1090.35,269,40.72727272727273,66.61727272727272,99.12272727272726,1.6356919642857142,269,1,0,0,very_long(11+),low(<50),high(500-1000),low,34,False,False,False,False,0,False
7,623.0,1691.39,1800.86,270,89.0,241.62714285714287,257.2657142857143,2.7149117174959874,270,0,0,1,long(7-10),medium(50-100),very_high(1000+),low,86,False,False,False,False,0,False
3,127.0,293.49,303.2,271,42.333333333333336,97.83,101.06666666666666,2.310944881889764,271,1,0,2,short(1-3),low(<50),medium(100-500),low,20,False,False,False,False,0,False
12,218.0,486.02,1005.67,272,18.166666666666668,40.501666666666665,83.80583333333333,2.2294495412844038,272,1,0,0,very_long(11+),low(<50),medium(100-500),low,67,False,False,False,False,0,False
3,1166.0,530.44,785.59,273,388.6666666666667,176.81333333333336,261.86333333333334,0.4549228130360206,273,1,0,2,short(1-3),very_high(200+),high(500-1000),high,59,False,False,False,False,0,False
11,17.0,550.58,830.07,274,1.5454545454545454,50.052727272727275,75.4609090909091,32.387058823529415,274,1,0,0,very_long(11+),low(<50),high(500-1000),low,7,False,False,False,False,0,False
9,696.0,1749.97,1649.49,275,77.33333333333333,194.44111111111113,183.27666666666667,2.514324712643678,275,0,0,1,long(7-10),medium(50-100),very_high(1000+),low,49,False,False,False,False,0,False
4,305.0,125.79,664.43,276,76.25,31.4475,166.1075,0.41242622950819674,276,1,0,1,medium(4-6),medium(50-100),medium(100-500),low,43,False,False,False,False,0,False
12,104.0,1300.05,1779.92,277,8.666666666666666,108.33749999999999,148.32666666666668,12.50048076923077,277,1,0,0,very_long(11+),low(<50),very_high(1000+),low,92,False,False,False,False,0,False
1,303.0,931.53,857.42,278,303.0,931.53,857.42,3.074356435643564,278,2,2,3,short(1-3),very_high(200+),high(500-1000),high,42,False,False,False,False,0,False
8,1012.0,2390.84,1732.12,279,126.5,298.855,216.515,2.362490118577075,279,0,0,1,long(7-10),high(100-200),very_high(1000+),low,12,False,False,False,False,0,False
9,938.0,2224.29,1913.87,280,104.22222222222223,247.14333333333332,212.6522222222222,2.371311300639659,280,0,0,1,long(7-10),high(100-200),very_high(1000+),low,87,False,False,False,False,0,False
3,471.0,288.19,535.67,281,157.0,96.06333333333333,178.55666666666664,0.611868365180467,281,1,0,2,short(1-3),high(100-200),medium(100-500),low,66,False,False,False,False,0,False
5,72.0,977.67,1156.55,282,14.4,195.534,231.31,13.57875,282,1,0,1,medium(4-6),low(<50),high(500-1000),low,55,False,False,False,False,0,False
10,160.0,2272.56,1642.15,283,16.0,227.256,164.215,14.2035,283,0,0,0,long(7-10),low(<50),very_high(1000+),low,15,False,False,False,False,0,False
10,965.0,1851.28,1805.77,284,96.5,185.128,180.577,1.9184248704663212,284,0,0,0,long(7-10),medium(50-100),very_high(1000+),low,77,False,False,False,False,0,False
3,266.0,2178.16,1447.95,285,88.66666666666667,726.0533333333333,482.65000000000003,8.188571428571429,285,2,0,2,short(1-3),medium(50-100),very_high(1000+),low,95,False,False,False,False,0,False
12,734.0,2491.82,1792.31,286,61.166666666666664,207.65166666666667,149.35916666666665,3.394850136239782,286,0,0,0,very_long(11+),medium(50-100),very_high(1000+),low,31,False,False,False,False,0,False
12,64.0,1641.01,1710.72,287,5.333333333333333,136.75083333333333,142.56,25.64078125,287,0,0,0,very_long(11+),low(<50),very_high(1000+),low,72,False,False,False,False,0,False
9,497.0,1845.08,1674.09,288,55.22222222222222,205.0088888888889,186.01,3.712434607645875,288,0,0,0,long(7-10),medium(50-100),very_high(1000+),low,9,False,False,False,False,0,False
3,781.0,1801.38,1586.21,289,260.3333333333333,600.46,528.7366666666667,2.306504481434059,289,2,-1,2,short(1-3),very_high(200+),very_high(1000+),high,21,False,False,False,False,0,False
3,158.0,1070.74,1183.16,290,52.666666666666664,356.91333333333336,394.3866666666667,6.7768354430379745,290,1,0,2,short(1-3),medium(50-100),very_high(1000+),low,16,False,False,False,False,0,False
3,1096.0,200.27,802.96,291,365.3333333333333,66.75666666666667,267.65333333333336,0.18272810218978103,291,1,0,2,short(1-3),very_high(200+),medium(100-500),high,96,False,False,False,False,0,False
11,1116.0,2067.8,1987.44,292,101.45454545454545,187.9818181818182,180.67636363636365,1.8528673835125449,292,0,0,0,very_long(11+),high(100-200),very_high(1000+),low,44,False,False,False,False,0,False
10,831.0,39.86,982.64,293,83.1,3.9859999999999998,98.264,0.047966305655836344,293,1,0,0,long(7-10),medium(50-100),low(<100),low,64,False,False,False,False,0,False
14,124.0,1064.64,1761.68,294,8.857142857142858,76.0457142857143,125.83428571428571,8.585806451612903,294,1,0,0,very_long(11+),low(<50),very_high(1000+),low,68,False,False,False,False,0,False
4,10.0,1262.73,1261.41,295,2.5,315.6825,315.3525,126.273,295,1,0,2,medium(4-6),low(<50),very_high(1000+),low,41,False,False,False,False,0,False
5,955.0,106.86,897.78,296,191.0,21.372,179.55599999999998,0.11189528795811518,296,1,0,1,medium(4-6),high(100-200),medium(100-500),optimal,78,False,False,False,True,1,False
7,1176.0,2489.13,1921.16,297,168.0,355.59000000000003,274.4514285714286,2.116607142857143,297,0,0,1,long(7-10),high(100-200),very_high(1000+),low,16,False,False,False,False,0,False
6,803.0,465.6,1012.0,298,133.83333333333334,77.60000000000001,168.66666666666666,0.5798256537982566,298,1,0,1,medium(4-6),high(100-200),medium(100-500),low,0,False,False,False,False,0,False
9,868.0,62.12,1022.81,299,96.44444444444444,6.902222222222222,113.64555555555555,0.07156682027649769,299,1,0,0,long(7-10),medium(50-100),low(<100),low,81,False,False,False,False,0,False
1,181.0,128.05,225.12,300,181.0,128.05,225.12,0.7074585635359116,300,1,0,3,short(1-3),high(100-200),medium(100-500),optimal,12,False,False,False,True,1,False
3,70.0,631.88,564.16,301,23.333333333333332,210.62666666666667,188.0533333333333,9.026857142857143,301,1,0,2,short(1-3),low(<50),high(500-1000),low,16,False,False,False,False,0,False
8,1090.0,419.76,1189.47,302,136.25,52.47,148.68375,0.3851009174311927,302,1,0,1,long(7-10),high(100-200),medium(100-500),low,47,False,False,False,False,0,False
14,1184.0,2269.89,1943.24,303,84.57142857142857,162.135,138.80285714285714,1.9171368243243243,303,0,0,0,very_long(11+),medium(50-100),very_high(1000+),low,24,False,False,False,False,0,False
1,735.0,1676.9,1365.21,304,735.0,1676.9,1365.21,2.281496598639456,304,3,3,3,short(1-3),very_high(200+),very_high(1000+),high,21,False,False,True,False,1,False
2,547.0,119.09,509.52,305,273.5,59.545,254.76,0.2177148080438757,305,1,0,2,short(1-3),very_high(200+),medium(100-500),high,52,False,False,False,False,0,False
11,265.0,218.66,949.34,306,24.09090909090909,19.87818181818182,86.30363636363637,0.8251320754716981,306,1,0,0,very_long(11+),low(<50),medium(100-500),low,34,False,False,False,False,0,False
10,223.0,886.32,1305.54,307,22.3,88.632,130.554,3.974529147982063,307,1,0,0,long(7-10),low(<50),high(500-1000),low,54,False,False,False,False,0,False
12,959.0,1947.82,1833.24,308,79.91666666666667,162.31833333333333,152.77,2.031094890510949,308,0,0,0,very_long(11+),medium(50-100),very_high(1000+),low,24,False,False,False,False,0,False
11,498.0,1578.39,1793.52,309,45.27272727272727,143.49,163.0472727272727,3.1694578313253015,309,0,0,0,very_long(11+),low(<50),very_high(1000+),low,52,False,False,False,False,0,False
14,127.0,988.4,1688.9,310,9.071428571428571,70.6,120.63571428571429,7.782677165354331,310,1,0,0,very_long(11+),low(<50),high(500-1000),low,90,False,False,False,False,0,False
3,621.0,214.08,779.66,311,207.0,71.36,259.88666666666666,0.34473429951690826,311,1,0,2,short(1-3),very_high(200+),medium(100-500),optimal,66,False,False,False,True,1,False
6,1193.0,2241.5,1839.47,312,198.83333333333334,373.5833333333333,306.5783333333333,1.8788767812238056,312,0,0,1,medium(4-6),high(100-200),very_high(1000+),optimal,47,False,False,False,False,0,False
4,448.0,2055.97,1497.46,313,112.0,513.9925,374.365,4.58921875,313,2,0,2,medium(4-6),high(100-200),very_high(1000+),low,46,False,False,False,False,0,False
8,466.0,2064.63,1558.12,314,58.25,258.07875,194.765,4.430536480686696,314,0,0,1,long(7-10),medium(50-100),very_high(1000+),low,12,False,False,False,False,0,False
12,229.0,1216.16,1696.65,315,19.083333333333332,101.34666666666668,141.38750000000002,5.310742358078603,315,0,0,0,very_long(11+),low(<50),very_high(1000+),low,65,False,False,False,False,0,False
13,658.0,559.48,1573.12,316,50.61538461538461,43.03692307692308,121.00923076923075,0.8502735562310031,316,0,0,0,very_long(11+),medium(50-100),high(500-1000),low,12,False,False,False,False,0,False
13,1034.0,2477.98,1842.24,317,79.53846153846153,190.61384615384617,141.71076923076924,2.3964990328820117,317,0,0,0,very_long(11+),medium(50-100),very_high(1000+),low,24,False,False,False,False,0,False
4,842.0,2464.29,1611.66,318,210.5,616.0725,402.915,2.926710213776722,318,2,0,2,medium(4-6),very_high(200+),very_high(1000+),optimal,66,False,False,False,False,0,False
13,837.0,1218.93,1921.68,319,64.38461538461539,93.76384615384616,147.82153846153847,1.4563082437275987,319,0,0,0,very_long(11+),medium(50-100),very_high(1000+),low,68,False,False,False,False,0,False
11,927.0,1306.37,1804.68,320,84.27272727272727,118.76090909090908,164.06181818181818,1.409244875943905,320,0,0,0,very_long(11+),medium(50-100),very_high(1000+),low,68,False,False,False,False,0,False
4,1047.0,1657.68,1605.84,321,261.75,414.42,401.46,1.5832664756446992,321,2,0,2,medium(4-6),very_high(200+),very_high(1000+),high,84,False,False,False,False,0,False
4,262.0,1681.28,1435.34,322,65.5,420.32,358.835,6.417099236641222,322,2,0,2,medium(4-6),medium(50-100),very_high(1000+),low,34,False,False,False,False,0,False
7,1126.0,1103.75,2014.72,323,160.85714285714286,157.67857142857142,287.81714285714287,0.9802397868561279,323,0,0,1,long(7-10),high(100-200),very_high(1000+),low,72,False,False,False,False,0,False
5,781.0,672.91,1125.36,324,156.2,134.582,225.07199999999997,0.8616005121638924,324,1,0,1,medium(4-6),high(100-200),high(500-1000),low,35,False,False,False,False,0,False
5,831.0,591.65,1090.31,325,166.2,118.33,218.06199999999998,0.7119735258724428,325,1,0,1,medium(4-6),high(100-200),high(500-1000),low,31,False,False,False,False,0,False
7,1089.0,1026.25,2132.85,326,155.57142857142858,146.60714285714286,304.6928571428571,0.9423783287419651,326,0,0,1,long(7-10),high(100-200),very_high(1000+),low,85,False,False,False,False,0,False
1,793.0,2171.07,1421.36,327,793.0,2171.07,1421.36,2.7377931904161414,327,3,-1,3,short(1-3),very_high(200+),very_high(1000+),high,36,False,False,True,False,1,False
9,368.0,495.12,847.33,328,40.888888888888886,55.013333333333335,94.14777777777778,1.3454347826086956,328,1,0,0,long(7-10),low(<50),medium(100-500),low,33,False,False,False,False,0,False
6,818.0,1130.38,1704.06,329,136.33333333333334,188.39666666666668,284.01,1.3818826405867972,329,1,0,1,medium(4-6),high(100-200),very_high(1000+),low,6,False,False,False,False,0,False
11,667.0,1915.95,1732.2,330,60.63636363636363,174.17727272727274,157.47272727272727,2.872488755622189,330,0,0,0,very_long(11+),medium(50-100),very_high(1000+),low,20,False,False,False,False,0,False
2,267.0,2116.93,1349.04,331,133.5,1058.465,674.52,7.9285767790262165,331,2,-1,2,short(1-3),high(100-200),very_high(1000+),low,4,False,False,False,False,0,False
10,1083.0,2105.36,1844.58,332,108.3,210.536,184.458,1.9440073868882735,332,0,0,0,long(7-10),high(100-200),very_high(1000+),low,58,False,False,False,False,0,False
13,529.0,1767.79,2015.18,333,40.69230769230769,135.98384615384614,155.01384615384615,3.3417580340264648,333,0,0,0,very_long(11+),low(<50),very_high(1000+),low,18,False,False,False,False,0,False
9,1155.0,1346.4,2248.12,334,128.33333333333334,149.60000000000002,249.7911111111111,1.1657142857142857,334,0,0,1,long(7-10),high(100-200),very_high(1000+),low,12,False,False,False,False,0,False
7,1185.0,1768.01,2072.18,335,169.28571428571428,252.57285714285715,296.0257142857143,1.4919915611814345,335,0,0,1,long(7-10),high(100-200),very_high(1000+),low,17,False,False,False,False,0,False
5,763.0,1420.94,1777.14,336,152.6,284.188,355.428,1.8623066841415465,336,2,0,1,medium(4-6),high(100-200),very_high(1000+),low,14,False,False,False,False,0,False
7,368.0,1231.69,1550.04,337,52.57142857142857,175.9557142857143,221.43428571428572,3.346983695652174,337,1,0,1,long(7-10),medium(50-100),very_high(1000+),low,4,False,False,False,False,0,False
6,659.0,322.1,972.58,338,109.83333333333333,53.68333333333334,162.09666666666666,0.48877086494688926,338,1,0,1,medium(4-6),high(100-200),medium(100-500),low,58,False,False,False,False,0,False
14,1138.0,518.18,1696.86,339,81.28571428571429,37.012857142857136,121.2042857142857,0.45534270650263614,339,0,0,0,very_long(11+),medium(50-100),high(500-1000),low,86,False,False,False,False,0,False
6,172.0,1977.78,1603.89,340,28.666666666666668,329.63,267.315,11.498720930232558,340,2,0,1,medium(4-6),low(<50),very_high(1000+),low,89,False,False,False,False,0,False
6,628.0,311.47,903.3,341,104.66666666666667,51.91166666666667,150.54999999999998,0.49597133757961787,341,1,0,1,medium(4-6),high(100-200),medium(100-500),low,30,False,False,False,False,0,False
2,500.0,1246.48,1264.53,342,250.0,623.24,632.265,2.49296,342,2,-1,2,short(1-3),very_high(200+),very_high(1000+),high,53,False,False,False,False,0,False
8,7.0,2075.6,1422.12,343,0.875,259.45,177.765,296.5142857142857,343,2,0,1,long(7-10),low(<50),very_high(1000+),low,12,False,False,False,False,0,False
5,942.0,2092.87,1696.72,344,188.4,418.57399999999996,339.344,2.2217303609341825,344,2,0,1,medium(4-6),high(100-200),very_high(1000+),optimal,72,False,False,False,False,0,False
12,81.0,2485.34,1589.65,345,6.75,207.11166666666668,132.47083333333333,30.683209876543213,345,0,0,0,very_long(11+),low(<50),very_high(1000+),low,65,False,False,False,False,0,False
4,166.0,791.52,866.18,346,41.5,197.88,216.545,4.768192771084337,346,1,0,1,medium(4-6),low(<50),high(500-1000),low,18,False,False,False,False,0,False
3,213.0,1724.85,1344.71,347,71.0,574.9499999999999,448.2366666666667,8.097887323943661,347,2,0,2,short(1-3),medium(50-100),very_high(1000+),low,71,False,False,False,False,0,False
11,1004.0,167.15,1175.65,348,91.27272727272727,15.195454545454545,106.87727272727274,0.16648406374501992,348,1,0,0,very_long(11+),medium(50-100),medium(100-500),low,65,False,False,False,False,0,False
5,116.0,478.1,624.04,349,23.2,95.62,124.80799999999999,4.121551724137931,349,1,0,1,medium(4-6),low(<50),medium(100-500),low,4,False,False,False,False,0,False
13,112.0,2299.56,1807.67,350,8.615384615384615,176.88923076923078,139.05153846153846,20.531785714285714,350,0,0,0,very_long(11+),low(<50),very_high(1000+),low,67,False,False,False,False,0,False
1,43.0,2149.22,1134.47,351,43.0,2149.22,1134.47,49.98186046511628,351,2,-1,3,short(1-3),low(<50),very_high(1000+),low,47,False,False,True,True,2,True
2,660.0,1944.4,1531.2,352,330.0,972.2,765.6,2.9460606060606063,352,2,-1,2,short(1-3),very_high(200+),very_high(1000+),high,20,False,False,False,False,0,False
10,888.0,298.68,1171.54,353,88.8,29.868000000000002,117.154,0.33635135135135136,353,1,0,0,long(7-10),medium(50-100),medium(100-500),low,54,False,False,False,False,0,False
10,860.0,2380.76,1759.97,354,86.0,238.07600000000002,175.997,2.768325581395349,354,0,0,0,long(7-10),medium(50-100),very_high(1000+),low,97,False,False,False,False,0,False
10,1187.0,1981.09,2013.21,355,118.7,198.10899999999998,201.321,1.668989048020219,355,0,0,0,long(7-10),high(100-200),very_high(1000+),low,21,False,False,False,False,0,False
12,1139.0,124.65,1314.3,356,94.91666666666667,10.387500000000001,109.52499999999999,0.10943810359964883,356,0,0,0,very_long(11+),medium(50-100),medium(100-500),low,30,False,False,False,False,0,False
5,966.0,359.51,927.98,357,193.2,71.902,185.596,0.37216356107660453,357,1,0,1,medium(4-6),high(100-200),medium(100-500),optimal,98,False,False,False,False,0,False
10,796.0,1352.08,2000.19,358,79.6,135.208,200.019,1.6985929648241205,358,0,0,0,long(7-10),medium(50-100),very_high(1000+),low,19,False,False,False,False,0,False
9,72.0,1281.32,1515.54,359,8.0,142.36888888888888,168.39333333333332,17.79611111111111,359,1,0,0,long(7-10),low(<50),very_high(1000+),low,54,False,False,False,False,0,False
10,215.0,2440.91,1638.66,360,21.5,244.09099999999998,163.866,11.353069767441859,360,0,0,0,long(7-10),low(<50),very_high(1000+),low,66,False,False,False,False,0,False
7,671.0,1297.02,1703.2,361,95.85714285714286,185.28857142857143,243.31428571428572,1.9329657228017882,361,0,0,1,long(7-10),medium(50-100),very_high(1000+),low,20,False,False,False,False,0,False
5,230.0,333.69,538.36,362,46.0,66.738,107.672,1.4508260869565217,362,1,0,1,medium(4-6),low(<50),medium(100-500),low,36,False,False,False,False,0,False
5,467.0,1243.31,1549.82,363,93.4,248.66199999999998,309.964,2.6623340471092076,363,1,0,1,medium(4-6),medium(50-100),very_high(1000+),low,82,False,False,False,False,0,False
13,247.0,2339.61,1705.9,364,19.0,179.97,131.22307692307692,9.472105263157895,364,0,0,0,very_long(11+),low(<50),very_high(1000+),low,90,False,False,False,False,0,False
14,777.0,1248.61,1837.25,365,55.5,89.18642857142856,131.23214285714286,1.6069626769626768,365,0,0,0,very_long(11+),medium(50-100),very_high(1000+),low,25,False,False,False,False,0,False
11,740.0,1171.99,902.09,366,67.27272727272727,106.54454545454546,82.00818181818182,1.5837702702702703,366,0,0,0,very_long(11+),medium(50-100),very_high(1000+),low,9,False,False,False,False,0,False
6,884.0,1798.31,1897.87,367,147.33333333333334,299.7183333333333,316.31166666666667,2.034287330316742,367,0,0,1,medium(4-6),high(100-200),very_high(1000+),low,87,False,False,False,False,0,False
5,789.0,1853.31,1792.88,368,157.8,370.662,358.576,2.34893536121673,368,2,0,1,medium(4-6),high(100-200),very_high(1000+),low,88,False,False,False,False,0,False
4,825.0,874.99,784.52,369,206.25,218.7475,196.13,1.0605939393939394,369,1,0,2,medium(4-6),very_high(200+),high(500-1000),optimal,52,False,False,False,False,0,False
2,301.0,769.23,731.28,370,150.5,384.615,365.64,2.5555813953488373,370,1,0,2,short(1-3),high(100-200),high(500-1000),low,28,False,False,False,False,0,False
12,1007.0,1353.77,1925.32,371,83.91666666666667,112.81416666666667,160.44333333333333,1.344359483614697,371,0,0,0,very_long(11+),medium(50-100),very_high(1000+),low,32,False,False,False,False,0,False
5,865.0,644.79,1202.46,372,173.0,128.958,240.49200000000002,0.745421965317919,372,1,0,1,medium(4-6),high(100-200),high(500-1000),low,46,False,False,False,False,0,False
14,81.0,1251.97,1682.62,373,5.785714285714286,89.42642857142857,120.18714285714285,15.45641975308642,373,0,0,0,very_long(11+),low(<50),very_high(1000+),low,62,False,False,False,False,0,False
8,1159.0,2175.27,1752.18,374,144.875,271.90875,219.0225,1.8768507333908542,374,0,0,1,long(7-10),high(100-200),very_high(1000+),low,18,False,False,False,False,0,False
11,496.0,373.98,1152.99,375,45.09090909090909,33.99818181818182,104.81727272727272,0.753991935483871,375,1,0,0,very_long(11+),low(<50),medium(100-500),low,99,False,False,False,False,0,False
1,752.0,1632.35,1362.39,376,752.0,1632.35,1362.39,2.1706781914893614,376,3,3,3,short(1-3),very_high(200+),very_high(1000+),high,39,False,False,True,False,1,False
5,1014.0,1853.57,1749.31,377,202.8,370.714,349.86199999999997,1.8279783037475346,377,2,0,1,medium(4-6),very_high(200+),very_high(1000+),optimal,31,False,False,False,False,0,False
9,686.0,145.66,972.95,378,76.22222222222223,16.184444444444445,108.10555555555555,0.212332361516035,378,1,0,0,long(7-10),medium(50-100),medium(100-500),low,95,False,False,False,False,0,False
5,654.0,1272.89,1724.68,379,130.8,254.57800000000003,344.93600000000004,1.9463149847094803,379,2,0,1,medium(4-6),high(100-200),very_high(1000+),low,68,False,False,False,False,0,False
8,621.0,2391.34,1593.12,380,77.625,298.9175,199.14,3.850789049919485,380,0,0,1,long(7-10),medium(50-100),very_high(1000+),low,12,False,False,False,False,0,False
9,1080.0,539.51,1306.91,381,120.0,59.94555555555556,145.21222222222224,0.49954629629629627,381,0,0,0,long(7-10),high(100-200),high(500-1000),low,91,False,False,False,False,0,False
10,714.0,269.06,1067.81,382,71.4,26.906,106.78099999999999,0.3768347338935574,382,1,0,0,long(7-10),medium(50-100),medium(100-500),low,81,False,False,False,False,0,False
10,816.0,1425.64,1872.81,383,81.6,142.56400000000002,187.281,1.747107843137255,383,0,0,0,long(7-10),medium(50-100),very_high(1000+),low,81,False,False,False,False,0,False
14,1122.0,1766.25,2239.35,384,80.14285714285714,126.16071428571429,159.95357142857142,1.5741978609625669,384,0,0,0,very_long(11+),medium(50-100),very_high(1000+),low,35,False,False,False,False,0,False
4,1202.0,1074.87,1501.24,385,300.5,268.7175,375.31,0.8942346089850248,385,2,-1,2,medium(4-6),very_high(200+),very_high(1000+),high,24,False,False,False,True,1,False
5,651.0,1573.3,1682.08,386,130.2,314.65999999999997,336.416,2.416743471582181,386,2,0,1,medium(4-6),high(100-200),very_high(1000+),low,8,False,False,False,False,0,False
14,1100.0,237.69,1265.57,387,78.57142857142857,16.977857142857143,90.39785714285713,0.21608181818181818,387,0,0,0,very_long(11+),medium(50-100),medium(100-500),low,57,False,False,False,False,0,False
14,296.0,485.68,924.9,388,21.142857142857142,34.691428571428574,66.06428571428572,1.6408108108108108,388,1,0,0,very_long(11+),low(<50),medium(100-500),low,90,False,False,False,False,0,False
1,697.0,2148.5,1421.07,389,697.0,2148.5,1421.07,3.082496413199426,389,3,-1,3,short(1-3),very_high(200+),very_high(1000+),high,7,False,False,True,False,1,False
6,1044.0,47.46,1133.45,390,174.0,7.91,188.90833333333333,0.04545977011494253,390,1,0,1,medium(4-6),high(100-200),low(<100),low,45,False,False,False,True,1,False
12,398.0,2481.44,1755.18,391,33.166666666666664,206.78666666666666,146.26500000000001,6.234773869346734,391,0,0,0,very_long(11+),low(<50),very_high(1000+),low,18,False,False,False,False,0,False
3,139.0,2428.89,1345.66,392,46.333333333333336,809.63,448.55333333333334,17.474028776978415,392,2,-1,2,short(1-3),low(<50),very_high(1000+),low,66,False,False,False,False,0,False
6,84.0,852.7,1109.32,393,14.0,142.11666666666667,184.88666666666666,10.151190476190477,393,1,0,1,medium(4-6),low(<50),high(500-1000),low,32,False,False,False,False,0,False
2,423.0,1639.17,1367.64,394,211.5,819.585,683.82,3.8751063829787236,394,2,-1,2,short(1-3),very_high(200+),very_high(1000+),optimal,64,False,False,False,False,0,False
11,815.0,2385.6,1872.44,395,74.0909090909091,216.87272727272727,170.22181818181818,2.9271165644171777,395,0,0,0,very_long(11+),medium(50-100),very_high(1000+),low,44,False,False,False,False,0,False
6,577.0,897.74,1257.31,396,96.16666666666667,149.62333333333333,209.55166666666665,1.5558752166377816,396,1,0,1,medium(4-6),medium(50-100),high(500-1000),low,31,False,False,False,False,0,False
8,200.0,1508.89,1461.33,397,25.0,188.61125,182.66625,7.54445,397,1,0,1,long(7-10),low(<50),very_high(1000+),low,33,False,False,False,False,0,False
9,1102.0,540.6,1455.85,398,122.44444444444444,60.06666666666667,161.7611111111111,0.4905626134301271,398,0,0,0,long(7-10),high(100-200),high(500-1000),low,85,False,False,False,False,0,False
12,508.0,1970.54,1770.91,399,42.333333333333336,164.21166666666667,147.57583333333335,3.879015748031496,399,0,0,0,very_long(11+),low(<50),very_high(1000+),low,91,False,False,False,False,0,False
13,1024.0,1712.85,2097.69,400,78.76923076923077,131.7576923076923,161.36076923076922,1.672705078125,400,0,0,0,very_long(11+),medium(50-100),very_high(1000+),low,69,False,False,False,False,0,False
7,1161.0,1499.97,1862.45,401,165.85714285714286,214.28142857142856,266.06428571428575,1.2919638242894058,401,0,0,1,long(7-10),high(100-200),very_high(1000+),low,45,False,False,False,False,0,False
2,730.0,285.24,624.78,402,365.0,142.62,312.39,0.39073972602739726,402,1,1,2,short(1-3),very_high(200+),medium(100-500),high,78,False,False,False,False,0,False
13,996.0,1809.2,1956.89,403,76.61538461538461,139.16923076923078,150.53,1.8164658634538153,403,0,0,0,very_long(11+),medium(50-100),very_high(1000+),low,89,False,False,False,False,0,False
5,1160.0,1901.83,1673.89,404,232.0,380.366,334.778,1.6395086206896552,404,2,0,1,medium(4-6),very_high(200+),very_high(1000+),high,89,False,False,False,False,0,False
2,1139.0,306.43,726.14,405,569.5,153.215,363.07,0.2690342405618964,405,1,-1,2,short(1-3),very_high(200+),medium(100-500),high,14,False,False,False,True,1,False
14,191.0,2442.76,1798.47,406,13.642857142857142,174.48285714285717,128.46214285714285,12.78931937172775,406,0,0,0,very_long(11+),low(<50),very_high(1000+),low,47,False,False,False,False,0,False
7,776.0,2447.82,1826.93,407,110.85714285714286,349.68857142857144,260.99,3.1544072164948456,407,0,0,1,long(7-10),high(100-200),very_high(1000+),low,93,False,False,False,False,0,False
14,414.0,1919.7,1918.89,408,29.571428571428573,137.12142857142857,137.06357142857144,4.636956521739131,408,0,0,0,very_long(11+),low(<50),very_high(1000+),low,89,False,False,False,False,0,False
7,847.0,1994.62,1851.7,409,121.0,284.94571428571425,264.5285714285714,2.354923258559622,409,0,0,1,long(7-10),high(100-200),very_high(1000+),low,70,False,False,False,False,0,False
6,924.0,1227.21,1871.76,410,154.0,204.535,311.96,1.3281493506493507,410,0,0,1,medium(4-6),high(100-200),very_high(1000+),low,76,False,False,False,False,0,False
2,933.0,1589.58,1489.99,411,466.5,794.79,744.995,1.7037299035369775,411,3,-1,2,short(1-3),very_high(200+),very_high(1000+),high,99,False,False,False,False,0,False
1,211.0,958.08,891.9,412,211.0,958.08,891.9,4.540663507109005,412,2,-1,3,short(1-3),very_high(200+),high(500-1000),optimal,90,False,False,False,False,0,False
10,773.0,865.92,1837.11,413,77.3,86.592,183.71099999999998,1.1202069857697283,413,0,0,0,long(7-10),medium(50-100),high(500-1000),low,11,False,False,False,False,0,False
3,196.0,1211.68,1229.87,414,65.33333333333333,403.8933333333334,409.95666666666665,6.182040816326531,414,2,0,2,short(1-3),medium(50-100),very_high(1000+),low,86,False,False,False,False,0,False
14,49.0,954.02,1480.87,415,3.5,68.14428571428572,105.77642857142857,19.469795918367346,415,1,0,0,very_long(11+),low(<50),high(500-1000),low,87,False,False,False,False,0,False
5,477.0,655.24,935.38,416,95.4,131.048,187.076,1.3736687631027253,416,1,0,1,medium(4-6),medium(50-100),high(500-1000),low,38,False,False,False,False,0,False
5,828.0,1606.84,1690.82,417,165.6,321.368,338.164,1.9406280193236713,417,2,0,1,medium(4-6),high(100-200),very_high(1000+),low,82,False,False,False,False,0,False
11,458.0,1364.29,1649.04,418,41.63636363636363,124.02636363636363,149.91272727272727,2.9787991266375546,418,0,0,0,very_long(11+),low(<50),very_high(1000+),low,4,False,False,False,False,0,False
3,289.0,1245.67,1279.31,419,96.33333333333333,415.22333333333336,426.43666666666667,4.310276816608996,419,2,0,2,short(1-3),medium(50-100),very_high(1000+),low,31,False,False,False,False,0,False
1,1060.0,501.67,658.14,420,1060.0,501.67,658.14,0.4732735849056604,420,3,-1,3,short(1-3),,high(500-1000),,14,False,False,True,True,2,True
5,1085.0,2486.43,1664.83,421,217.0,497.28599999999994,332.966,2.2916405529953914,421,2,0,1,medium(4-6),very_high(200+),very_high(1000+),optimal,83,False,False,False,False,0,False
4,675.0,381.48,779.68,422,168.75,95.37,194.92,0.5651555555555556,422,1,0,1,medium(4-6),high(100-200),medium(100-500),low,68,False,False,False,False,0,False
8,415.0,1214.97,1473.75,423,51.875,151.87125,184.21875,2.9276385542168675,423,1,0,0,long(7-10),medium(50-100),very_high(1000+),low,75,False,False,False,False,0,False
6,425.0,709.75,1114.9,424,70.83333333333333,118.29166666666667,185.8166666666667,1.67,424,1,0,1,medium(4-6),medium(50-100),high(500-1000),low,90,False,False,False,False,0,False
7,313.0,2408.02,1637.65,425,44.714285714285715,344.0028571428571,233.95000000000002,7.69335463258786,425,2,0,1,long(7-10),low(<50),very_high(1000+),low,65,False,False,False,False,0,False
13,235.0,426.07,897.26,426,18.076923076923077,32.77461538461539,69.02,1.813063829787234,426,1,0,0,very_long(11+),low(<50),medium(100-500),low,26,False,False,False,False,0,False
7,635.0,1406.31,1630.66,427,90.71428571428571,200.90142857142857,232.95142857142858,2.2146614173228345,427,0,0,1,long(7-10),medium(50-100),very_high(1000+),low,66,False,False,False,False,0,False
10,1009.0,2164.22,1889.87,428,100.9,216.42199999999997,188.987,2.144915758176412,428,0,0,0,long(7-10),high(100-200),very_high(1000+),low,87,False,False,False,False,0,False
3,692.0,450.7,748.57,429,230.66666666666666,150.23333333333332,249.52333333333334,0.6513005780346821,429,1,0,2,short(1-3),very_high(200+),medium(100-500),high,57,False,False,False,False,0,False
2,91.0,1073.76,1013.78,430,45.5,536.88,506.89,11.79956043956044,430,2,-1,2,short(1-3),low(<50),very_high(1000+),low,78,False,False,False,False,0,False
8,1187.0,1045.91,2047.06,431,148.375,130.73875,255.8825,0.8811373209772536,431,0,0,1,long(7-10),high(100-200),very_high(1000+),low,6,False,False,False,False,0,False
14,600.0,1120.05,1847.84,432,42.857142857142854,80.00357142857142,131.98857142857142,1.86675,432,0,0,0,very_long(11+),low(<50),very_high(1000+),low,84,False,False,False,False,0,False
5,210.0,710.49,483.34,433,42.0,142.098,96.66799999999999,3.3832857142857145,433,1,0,1,medium(4-6),low(<50),high(500-1000),low,34,False,False,False,False,0,False
12,10.0,1203.1,1564.9,434,0.8333333333333334,100.25833333333333,130.40833333333333,120.30999999999999,434,1,0,0,very_long(11+),low(<50),very_high(1000+),low,90,False,False,False,False,0,False
1,452.0,275.05,282.89,435,452.0,275.05,282.89,0.6085176991150443,435,1,-1,3,short(1-3),very_high(200+),medium(100-500),high,89,False,False,False,False,0,False
4,256.0,2218.74,1476.03,436,64.0,554.685,369.0075,8.666953125,436,2,0,2,medium(4-6),medium(50-100),very_high(1000+),low,3,False,False,False,False,0,False
8,312.0,2383.17,1557.27,437,39.0,297.89625,194.65875,7.638365384615385,437,2,0,1,long(7-10),low(<50),very_high(1000+),low,27,False,False,False,False,0,False
2,1175.0,816.2,1237.62,438,587.5,408.1,618.81,0.6946382978723404,438,3,-1,2,short(1-3),very_high(200+),high(500-1000),high,61,False,False,False,True,1,False
11,960.0,383.64,1248.46,439,87.27272727272727,34.876363636363635,113.49636363636364,0.399625,439,0,0,0,very_long(11+),medium(50-100),medium(100-500),low,46,False,False,False,False,0,False
6,690.0,1009.37,1559.83,440,115.0,168.22833333333332,259.97166666666664,1.4628550724637681,440,1,0,1,medium(4-6),high(100-200),very_high(1000+),low,83,False,False,False,False,0,False
14,487.0,579.29,1516.68,441,34.785714285714285,41.37785714285714,108.33428571428571,1.1895071868583162,441,1,0,0,very_long(11+),low(<50),high(500-1000),low,68,False,False,False,False,0,False
8,75.0,315.71,593.83,442,9.375,39.46375,74.22875,4.209466666666667,442,1,0,0,long(7-10),low(<50),medium(100-500),low,83,False,False,False,False,0,False
13,360.0,271.93,1017.64,443,27.692307692307693,20.91769230769231,78.28,0.7553611111111111,443,1,0,0,very_long(11+),low(<50),medium(100-500),low,64,False,False,False,False,0,False
11,708.0,1871.77,1916.37,444,64.36363636363636,170.1609090909091,174.21545454545455,2.643742937853107,444,0,0,0,very_long(11+),medium(50-100),very_high(1000+),low,37,False,False,False,False,0,False
3,182.0,347.82,384.77,445,60.666666666666664,115.94,128.25666666666666,1.911098901098901,445,1,0,2,short(1-3),medium(50-100),medium(100-500),low,77,False,False,False,False,0,False
10,683.0,2442.92,1643.68,446,68.3,244.292,164.368,3.5767496339677893,446,0,0,0,long(7-10),medium(50-100),very_high(1000+),low,68,False,False,False,False,0,False
5,392.0,1264.6,1465.72,447,78.4,252.92,293.144,3.226020408163265,447,1,0,1,medium(4-6),medium(50-100),very_high(1000+),low,72,False,False,False,False,0,False
10,175.0,1443.25,1635.5,448,17.5,144.325,163.55,8.247142857142856,448,1,0,0,long(7-10),low(<50),very_high(1000+),low,50,False,False,False,False,0,False
7,577.0,1959.13,1603.6,449,82.42857142857143,279.8757142857143,229.08571428571426,3.3953726169844023,449,0,0,1,long(7-10),medium(50-100),very_high(1000+),low,60,False,False,False,False,0,False
13,799.0,951.92,1793.36,450,61.46153846153846,73.22461538461538,137.95076923076923,1.191389236545682,450,0,0,0,very_long(11+),medium(50-100),high(500-1000),low,36,False,False,False,False,0,False
13,608.0,370.89,1170.54,451,46.76923076923077,28.529999999999998,90.04153846153847,0.610016447368421,451,1,0,0,very_long(11+),low(<50),medium(100-500),low,54,False,False,False,False,0,False
7,194.0,202.49,686.23,452,27.714285714285715,28.927142857142858,98.03285714285714,1.0437628865979383,452,1,0,1,long(7-10),low(<50),medium(100-500),low,23,False,False,False,False,0,False
13,889.0,232.72,1394.38,453,68.38461538461539,17.90153846153846,107.26,0.26177727784026994,453,0,0,0,very_long(11+),medium(50-100),medium(100-500),low,38,False,False,False,False,0,False
7,901.0,136.8,1222.6,454,128.71428571428572,19.542857142857144,174.65714285714284,0.1518312985571587,454,1,0,1,long(7-10),high(100-200),medium(100-500),low,59,False,False,False,False,0,False
1,698.0,1525.82,1398.75,455,698.0,1525.82,1398.75,2.1859885386819484,455,3,3,3,short(1-3),very_high(200+),very_high(1000+),high,75,False,False,False,False,0,False
9,592.0,793.55,1235.69,456,65.77777777777777,88.17222222222222,137.29888888888888,1.340456081081081,456,1,0,0,long(7-10),medium(50-100),high(500-1000),low,69,False,False,False,False,0,False
14,1015.0,871.76,1846.41,457,72.5,62.26857142857143,131.88642857142858,0.8588768472906404,457,0,0,0,very_long(11+),medium(50-100),high(500-1000),low,41,False,False,False,False,0,False
9,524.0,136.46,848.89,458,58.22222222222222,15.162222222222223,94.32111111111111,0.2604198473282443,458,1,0,0,long(7-10),medium(50-100),medium(100-500),low,89,False,False,False,False,0,False
5,781.0,2114.27,1789.85,459,156.2,422.854,357.96999999999997,2.7071318822023045,459,2,0,1,medium(4-6),high(100-200),very_high(1000+),low,85,False,False,False,False,0,False
3,200.0,58.24,494.63,460,66.66666666666667,19.413333333333334,164.87666666666667,0.2912,460,1,0,2,short(1-3),medium(50-100),low(<100),low,63,False,False,False,False,0,False
5,503.0,2335.55,1649.42,461,100.6,467.11,329.884,4.64324055666004,461,2,0,1,medium(4-6),high(100-200),very_high(1000+),low,42,False,False,False,False,0,False
11,667.0,2221.67,1872.89,462,60.63636363636363,201.97,170.2627272727273,3.3308395802098953,462,0,0,0,very_long(11+),medium(50-100),very_high(1000+),low,89,False,False,False,False,0,False
7,336.0,1843.58,1691.68,463,48.0,263.36857142857144,241.66857142857143,5.4868452380952375,463,2,0,1,long(7-10),low(<50),very_high(1000+),low,68,False,False,False,False,0,False
4,217.0,1506.46,1455.37,464,54.25,376.615,363.8425,6.94221198156682,464,2,0,2,medium(4-6),medium(50-100),very_high(1000+),low,37,False,False,False,False,0,False
8,207.0,1146.93,1479.01,465,25.875,143.36625,184.87625,5.540724637681159,465,1,0,0,long(7-10),low(<50),very_high(1000+),low,1,False,False,False,False,0,False
7,690.0,1807.71,1710.98,466,98.57142857142857,258.2442857142857,244.4257142857143,2.6198695652173916,466,0,0,1,long(7-10),medium(50-100),very_high(1000+),low,98,False,False,False,False,0,False
2,251.0,1916.43,1285.2,467,125.5,958.215,642.6,7.635179282868526,467,2,-1,2,short(1-3),high(100-200),very_high(1000+),low,20,False,False,False,False,0,False
4,627.0,956.98,1337.63,468,156.75,239.245,334.4075,1.5262838915470496,468,1,0,1,medium(4-6),high(100-200),high(500-1000),low,63,False,False,False,False,0,False
1,432.0,581.71,448.34,469,432.0,581.71,448.34,1.346550925925926,469,2,-1,3,short(1-3),very_high(200+),high(500-1000),high,34,False,False,False,False,0,False
4,1194.0,2250.51,1691.15,470,298.5,562.6275,422.7875,1.884849246231156,470,2,0,2,medium(4-6),very_high(200+),very_high(1000+),high,15,False,False,False,False,0,False
10,64.0,455.9,774.64,471,6.4,45.589999999999996,77.464,7.1234375,471,1,0,0,long(7-10),low(<50),medium(100-500),low,64,False,False,False,False,0,False
8,15.0,377.85,657.8,472,1.875,47.23125,82.225,25.19,472,1,0,0,long(7-10),low(<50),medium(100-500),low,80,False,False,False,False,0,False
11,741.0,1207.39,1878.06,473,67.36363636363636,109.76272727272728,170.73272727272726,1.6294062078272606,473,0,0,0,very_long(11+),medium(50-100),very_high(1000+),low,6,False,False,False,False,0,False
8,638.0,1007.48,1483.06,474,79.75,125.935,185.3825,1.5791222570532915,474,1,0,1,long(7-10),medium(50-100),very_high(1000+),low,6,False,False,False,False,0,False
12,965.0,1700.28,1879.09,475,80.41666666666667,141.69,156.59083333333334,1.7619481865284974,475,0,0,0,very_long(11+),medium(50-100),very_high(1000+),low,9,False,False,False,False,0,False
8,1182.0,990.07,1840.75,476,147.75,123.75875,230.09375,0.8376226734348562,476,0,0,1,long(7-10),high(100-200),high(500-1000),low,75,False,False,False,False,0,False
13,1062.0,869.28,2090.54,477,81.6923076923077,66.86769230769231,160.81076923076924,0.8185310734463277,477,0,0,0,very_long(11+),medium(50-100),high(500-1000),low,54,False,False,False,False,0,False
1,754.0,1220.47,1346.14,478,754.0,1220.47,1346.14,1.6186604774535809,478,3,-1,3,short(1-3),very_high(200+),very_high(1000+),high,14,False,False,True,False,1,False
14,767.0,186.47,1292.77,479,54.785714285714285,13.319285714285714,92.34071428571428,0.24311603650586702,479,1,0,0,very_long(11+),medium(50-100),medium(100-500),low,77,False,False,False,False,0,False
11,775.0,1752.23,1809.29,480,70.45454545454545,159.29363636363635,164.48090909090908,2.260941935483871,480,0,0,0,very_long(11+),medium(50-100),very_high(1000+),low,29,False,False,False,False,0,False
8,592.0,1402.98,1561.41,481,74.0,175.3725,195.17625,2.3698986486486486,481,0,0,1,long(7-10),medium(50-100),very_high(1000+),low,41,False,False,False,False,0,False
6,957.0,727.75,1448.72,482,159.5,121.29166666666667,241.45333333333335,0.7604493207941484,482,1,0,1,medium(4-6),high(100-200),high(500-1000),low,72,False,False,False,False,0,False
9,800.0,2167.72,1726.51,483,88.88888888888889,240.85777777777776,191.83444444444444,2.70965,483,0,0,1,long(7-10),medium(50-100),very_high(1000+),low,51,False,False,False,False,0,False
6,1198.0,222.6,1107.96,484,199.66666666666666,37.1,184.66,0.18580968280467444,484,1,0,1,medium(4-6),high(100-200),medium(100-500),optimal,96,False,False,False,True,1,False
3,1092.0,1737.65,1462.01,485,364.0,579.2166666666667,487.33666666666664,1.5912545787545789,485,2,-1,2,short(1-3),very_high(200+),very_high(1000+),high,1,False,False,False,False,0,False
12,958.0,2499.84,1791.69,486,79.83333333333333,208.32000000000002,149.3075,2.609436325678497,486,0,0,0,very_long(11+),medium(50-100),very_high(1000+),low,69,False,False,False,False,0,False
11,955.0,1282.19,2000.42,487,86.81818181818181,116.56272727272727,181.85636363636365,1.342607329842932,487,0,0,0,very_long(11+),medium(50-100),very_high(1000+),low,42,False,False,False,False,0,False
11,605.0,1880.69,1711.55,488,55.0,170.97181818181818,155.59545454545454,3.1085785123966945,488,0,0,0,very_long(11+),medium(50-100),very_high(1000+),low,55,False,False,False,False,0,False
7,670.0,1558.02,1702.81,489,95.71428571428571,222.5742857142857,243.25857142857143,2.3254029850746267,489,0,0,1,long(7-10),medium(50-100),very_high(1000+),low,81,False,False,False,False,0,False
11,844.0,1962.77,1787.57,490,76.72727272727273,178.43363636363637,162.50636363636363,2.3255568720379145,490,0,0,0,very_long(11+),medium(50-100),very_high(1000+),low,57,False,False,False,False,0,False
3,718.0,1158.02,1416.98,491,239.33333333333334,386.00666666666666,472.32666666666665,1.6128412256267408,491,2,-1,2,short(1-3),very_high(200+),very_high(1000+),high,98,False,False,False,False,0,False
6,323.0,1477.23,1608.55,492,53.833333333333336,246.205,268.09166666666664,4.573467492260062,492,2,0,1,medium(4-6),medium(50-100),very_high(1000+),low,55,False,False,False,False,0,False
14,616.0,2374.41,1828.37,493,44.0,169.60071428571428,130.59785714285712,3.854561688311688,493,0,0,0,very_long(11+),low(<50),very_high(1000+),low,37,False,False,False,False,0,False
8,752.0,1519.78,1662.92,494,94.0,189.9725,207.865,2.0209840425531915,494,0,0,1,long(7-10),medium(50-100),very_high(1000+),low,92,False,False,False,False,0,False
1,1166.0,1423.69,1412.13,495,1166.0,1423.69,1412.13,1.2210034305317325,495,3,-1,3,short(1-3),,very_high(1000+),,13,False,False,True,False,1,False
3,1187.0,1632.14,1451.85,496,395.6666666666667,544.0466666666667,483.95,1.3750126368997473,496,2,-1,2,short(1-3),very_high(200+),very_high(1000+),high,85,False,False,False,False,0,False
3,1013.0,166.52,711.07,497,337.6666666666667,55.50666666666667,237.02333333333334,0.16438302073050345,497,1,0,2,short(1-3),very_high(200+),medium(100-500),high,7,False,False,False,False,0,False
5,741.0,429.24,951.92,498,148.2,85.848,190.384,0.5792712550607287,498,1,0,1,medium(4-6),high(100-200),medium(100-500),low,92,False,False,False,False,0,False
14,467.0,2176.26,1809.83,499,33.357142857142854,155.44714285714286,129.27357142857142,4.660085653104925,499,0,0,0,very_long(11+),low(<50),very_high(1000+),low,83,False,False,False,False,0,False
3,224.0,358.77,406.36,500,74.66666666666667,119.58999999999999,135.45333333333335,1.6016517857142856,500,1,0,2,short(1-3),medium(50-100),medium(100-500),low,36,False,False,False,False,0,False
3,712.0,512.23,751.16,501,237.33333333333334,170.74333333333334,250.38666666666666,0.7194241573033708,501,1,0,2,short(1-3),very_high(200+),high(500-1000),high,16,False,False,False,False,0,False
12,218.0,901.03,1371.86,502,18.166666666666668,75.08583333333333,114.32166666666666,4.133165137614679,502,1,0,0,very_long(11+),low(<50),high(500-1000),low,86,False,False,False,False,0,False
6,373.0,587.38,956.61,503,62.166666666666664,97.89666666666666,159.435,1.574745308310992,503,1,0,1,medium(4-6),medium(50-100),high(500-1000),low,61,False,False,False,False,0,False
8,562.0,2479.33,1478.31,504,70.25,309.91625,184.78875,4.41161921708185,504,0,0,1,long(7-10),medium(50-100),very_high(1000+),low,31,False,False,False,False,0,False
5,132.0,2387.03,1454.05,505,26.4,477.40600000000006,290.81,18.083560606060608,505,2,0,1,medium(4-6),low(<50),very_high(1000+),low,5,False,False,False,False,0,False
3,98.0,871.46,866.05,506,32.666666666666664,290.4866666666667,288.68333333333334,8.892448979591837,506,1,0,2,short(1-3),low(<50),high(500-1000),low,5,False,False,False,False,0,False
14,545.0,1206.76,1977.89,507,38.92857142857143,86.19714285714285,141.27785714285716,2.214238532110092,507,0,0,0,very_long(11+),low(<50),very_high(1000+),low,89,False,False,False,False,0,False
1,869.0,1498.88,1398.94,508,869.0,1498.88,1398.94,1.7248331415420024,508,3,-1,3,short(1-3),very_high(200+),very_high(1000+),high,94,False,False,True,False,1,False
2,875.0,393.25,640.56,509,437.5,196.625,320.28,0.44942857142857146,509,1,1,2,short(1-3),very_high(200+),medium(100-500),high,55,False,False,False,False,0,False
8,888.0,2296.07,1718.71,510,111.0,287.00875,214.83875,2.5856644144144147,510,0,0,1,long(7-10),high(100-200),very_high(1000+),low,71,False,False,False,False,0,False
1,716.0,1396.41,1376.59,511,716.0,1396.41,1376.59,1.9502932960893855,511,3,3,3,short(1-3),very_high(200+),very_high(1000+),high,59,False,False,True,False,1,False
8,1025.0,1031.33,2214.64,512,128.125,128.91625,276.83,1.0061756097560974,512,0,0,1,long(7-10),high(100-200),very_high(1000+),low,64,False,False,False,False,0,False
9,1064.0,2016.76,1810.94,513,118.22222222222223,224.08444444444444,201.21555555555557,1.895451127819549,513,0,0,1,long(7-10),high(100-200),very_high(1000+),low,94,False,False,False,False,0,False
4,463.0,1963.41,1607.34,514,115.75,490.8525,401.835,4.2406263498920085,514,2,0,2,medium(4-6),high(100-200),very_high(1000+),low,34,False,False,False,False,0,False
1,678.0,1478.57,1370.31,515,678.0,1478.57,1370.31,2.180781710914454,515,3,3,3,short(1-3),very_high(200+),very_high(1000+),high,31,False,False,False,False,0,False
1,436.0,1358.14,1154.03,516,436.0,1358.14,1154.03,3.115,516,3,-1,3,short(1-3),very_high(200+),very_high(1000+),high,3,False,False,False,False,0,False
5,586.0,2135.36,1661.61,517,117.2,427.072,332.322,3.643959044368601,517,2,0,1,medium(4-6),high(100-200),very_high(1000+),low,61,False,False,False,False,0,False
1,797.0,126.8,543.18,518,797.0,126.8,543.18,0.1590966122961104,518,3,-1,3,short(1-3),very_high(200+),medium(100-500),high,17,False,False,True,True,2,True
14,481.0,939.99,877.17,519,34.357142857142854,67.14214285714286,62.654999999999994,1.9542411642411643,519,0,0,0,very_long(11+),low(<50),high(500-1000),low,17,False,False,False,False,0,False
7,172.0,1486.86,1557.94,520,24.571428571428573,212.4085714285714,222.56285714285715,8.64453488372093,520,1,0,1,long(7-10),low(<50),very_high(1000+),low,94,False,False,False,False,0,False
10,1192.0,23.47,1157.87,521,119.2,2.347,115.78699999999999,0.01968959731543624,521,1,0,0,long(7-10),high(100-200),low(<100),low,86,False,False,False,False,0,False
7,981.0,658.85,1351.69,522,140.14285714285714,94.12142857142858,193.09857142857143,0.6716106014271153,522,1,0,1,long(7-10),high(100-200),high(500-1000),low,69,False,False,False,False,0,False
10,692.0,1671.71,1701.23,523,69.2,167.171,170.123,2.4157658959537573,523,0,0,0,long(7-10),medium(50-100),very_high(1000+),low,23,False,False,False,False,0,False
13,710.0,2223.86,1979.83,524,54.61538461538461,171.06615384615387,152.29461538461538,3.1321971830985915,524,0,0,0,very_long(11+),medium(50-100),very_high(1000+),low,83,False,False,False,False,0,False
12,380.0,1526.79,1787.41,525,31.666666666666668,127.2325,148.95083333333335,4.017868421052632,525,0,0,0,very_long(11+),low(<50),very_high(1000+),low,41,False,False,False,False,0,False
3,133.0,1728.5,1373.4,526,44.333333333333336,576.1666666666666,457.8,12.996240601503759,526,2,0,2,short(1-3),low(<50),very_high(1000+),low,40,False,False,False,False,0,False
4,730.0,799.25,1250.66,527,182.5,199.8125,312.665,1.0948630136986301,527,1,0,1,medium(4-6),high(100-200),high(500-1000),optimal,66,False,False,False,False,0,False
12,1070.0,1055.51,2030.76,528,89.16666666666667,87.95916666666666,169.23,0.9864579439252337,528,0,0,0,very_long(11+),medium(50-100),very_high(1000+),low,76,False,False,False,False,0,False
8,1185.0,554.98,1545.67,529,148.125,69.3725,193.20875,0.46833755274261607,529,0,0,1,long(7-10),high(100-200),high(500-1000),low,67,False,False,False,False,0,False
11,456.0,2223.72,1600.1,530,41.45454545454545,202.1563636363636,145.46363636363637,4.8765789473684205,530,0,0,0,very_long(11+),low(<50),very_high(1000+),low,10,False,False,False,False,0,False
12,85.0,1056.43,1466.31,531,7.083333333333333,88.03583333333334,122.1925,12.428588235294118,531,1,0,0,very_long(11+),low(<50),very_high(1000+),low,31,False,False,False,False,0,False
2,543.0,103.37,544.12,532,271.5,51.685,272.06,0.19036832412523022,532,1,-1,2,short(1-3),very_high(200+),medium(100-500),high,12,False,False,False,False,0,False
6,367.0,1947.68,1606.76,533,61.166666666666664,324.61333333333334,267.79333333333335,5.307029972752043,533,2,0,1,medium(4-6),medium(50-100),very_high(1000+),low,76,False,False,False,False,0,False
1,481.0,1792.17,1215.84,534,481.0,1792.17,1215.84,3.725925155925156,534,3,-1,3,short(1-3),very_high(200+),very_high(1000+),high,83,False,False,True,False,1,False
5,233.0,1862.04,1562.23,535,46.6,372.408,312.446,7.991587982832618,535,2,0,1,medium(4-6),low(<50),very_high(1000+),low,23,False,False,False,False,0,False
1,45.0,1070.22,922.69,536,45.0,1070.22,922.69,23.782666666666668,536,2,-1,3,short(1-3),low(<50),very_high(1000+),low,69,False,False,False,True,1,False
5,152.0,2444.81,1523.75,537,30.4,488.962,304.75,16.084276315789474,537,2,0,1,medium(4-6),low(<50),very_high(1000+),low,75,False,False,False,False,0,False
7,344.0,1242.05,1514.4,538,49.142857142857146,177.43571428571428,216.34285714285716,3.610610465116279,538,1,0,1,long(7-10),low(<50),very_high(1000+),low,40,False,False,False,False,0,False
5,320.0,1584.55,1584.73,539,64.0,316.90999999999997,316.946,4.9517187499999995,539,2,0,1,medium(4-6),medium(50-100),very_high(1000+),low,73,False,False,False,False,0,False
9,989.0,378.12,1193.72,540,109.88888888888889,42.013333333333335,132.63555555555556,0.38232558139534883,540,1,0,0,long(7-10),high(100-200),medium(100-500),low,72,False,False,False,False,0,False
10,57.0,936.89,1237.07,541,5.7,93.689,123.707,16.436666666666667,541,1,0,0,long(7-10),low(<50),high(500-1000),low,7,False,False,False,False,0,False
12,342.0,2253.61,1659.5,542,28.5,187.80083333333334,138.29166666666666,6.5895029239766085,542,0,0,0,very_long(11+),low(<50),very_high(1000+),low,50,False,False,False,False,0,False
2,983.0,2109.93,1519.98,543,491.5,1054.965,759.99,2.1464191251271614,543,3,-1,2,short(1-3),very_high(200+),very_high(1000+),high,98,False,False,False,False,0,False
10,886.0,1990.03,1749.93,544,88.6,199.003,174.993,2.246083521444695,544,0,0,0,long(7-10),medium(50-100),very_high(1000+),low,93,False,False,False,False,0,False
10,5.0,836.86,1116.56,545,0.5,83.686,111.65599999999999,167.372,545,1,0,0,long(7-10),low(<50),high(500-1000),low,56,False,False,False,False,0,False
3,80.0,517.54,457.49,546,26.666666666666668,172.51333333333332,152.49666666666667,6.46925,546,1,0,2,short(1-3),low(<50),high(500-1000),low,49,False,False,False,False,0,False
8,482.0,1411.49,631.81,547,60.25,176.43625,78.97625,2.928402489626556,547,0,0,1,long(7-10),medium(50-100),very_high(1000+),low,80,False,False,False,False,0,False
4,11.0,312.01,426.22,548,2.75,78.0025,106.555,28.364545454545453,548,1,0,1,medium(4-6),low(<50),medium(100-500),low,22,False,False,False,False,0,False
12,1075.0,2328.11,1798.38,549,89.58333333333333,194.0091666666667,149.865,2.165683720930233,549,0,0,0,very_long(11+),medium(50-100),very_high(1000+),low,38,False,False,False,False,0,False
13,632.0,268.91,1396.28,550,48.61538461538461,20.685384615384617,107.40615384615384,0.42549050632911395,550,1,0,0,very_long(11+),low(<50),medium(100-500),low,28,False,False,False,False,0,False
8,323.0,46.48,703.45,551,40.375,5.81,87.93125,0.14390092879256966,551,1,0,0,long(7-10),low(<50),low(<100),low,45,False,False,False,False,0,False
11,527.0,1550.32,1806.06,552,47.90909090909091,140.93818181818182,164.18727272727273,2.9417836812144214,552,0,0,0,very_long(11+),low(<50),very_high(1000+),low,6,False,False,False,False,0,False
5,948.0,898.6,1499.68,553,189.6,179.72,299.93600000000004,0.9478902953586498,553,1,0,1,medium(4-6),high(100-200),high(500-1000),optimal,68,False,False,False,False,0,False
5,504.0,1502.63,1628.66,554,100.8,300.526,325.732,2.9814087301587304,554,2,0,1,medium(4-6),high(100-200),very_high(1000+),low,66,False,False,False,False,0,False
10,793.0,1422.29,2007.62,555,79.3,142.22899999999998,200.762,1.7935561160151323,555,0,0,0,long(7-10),medium(50-100),very_high(1000+),low,62,False,False,False,False,0,False
13,32.0,232.43,805.12,556,2.4615384615384617,17.87923076923077,61.932307692307695,7.2634375,556,1,4,0,very_long(11+),low(<50),medium(100-500),low,12,False,False,False,False,0,False
9,768.0,1815.6,1666.18,557,85.33333333333333,201.73333333333332,185.13111111111112,2.3640624999999997,557,0,0,1,long(7-10),medium(50-100),very_high(1000+),low,18,False,False,False,False,0,False
9,994.0,1742.62,1849.58,558,110.44444444444444,193.62444444444444,205.5088888888889,1.7531388329979878,558,0,0,1,long(7-10),high(100-200),very_high(1000+),low,58,False,False,False,False,0,False
1,1105.0,1432.3,1387.17,559,1105.0,1432.3,1387.17,1.2961990950226243,559,3,-1,3,short(1-3),,very_high(1000+),,17,False,False,True,False,1,False
12,178.0,507.59,907.19,560,14.833333333333334,42.299166666666665,75.59916666666668,2.851629213483146,560,1,0,0,very_long(11+),low(<50),high(500-1000),low,19,False,False,False,False,0,False
10,472.0,431.95,924.65,561,47.2,43.195,92.465,0.9151483050847458,561,1,0,0,long(7-10),low(<50),medium(100-500),low,65,False,False,False,False,0,False
5,716.0,1111.23,1492.08,562,143.2,222.246,298.416,1.5519972067039107,562,1,0,1,medium(4-6),high(100-200),very_high(1000+),low,8,False,False,False,False,0,False
3,771.0,725.67,1166.93,563,257.0,241.89,388.9766666666667,0.9412062256809338,563,1,0,2,short(1-3),very_high(200+),high(500-1000),high,93,False,False,False,False,0,False
13,1054.0,1131.25,2162.03,564,81.07692307692308,87.01923076923077,166.31,1.073292220113852,564,0,0,0,very_long(11+),medium(50-100),very_high(1000+),low,3,False,False,False,False,0,False
10,872.0,2191.27,1776.62,565,87.2,219.127,177.66199999999998,2.5129243119266054,565,0,0,0,long(7-10),medium(50-100),very_high(1000+),low,62,False,False,False,False,0,False
12,1077.0,32.55,1387.43,566,89.75,2.7125,115.61916666666667,0.03022284122562674,566,1,0,0,very_long(11+),medium(50-100),low(<100),low,43,False,False,False,False,0,False
12,211.0,749.56,1285.23,567,17.583333333333332,62.46333333333333,107.1025,3.552417061611374,567,1,0,0,very_long(11+),low(<50),high(500-1000),low,23,False,False,False,False,0,False
4,199.0,1310.01,1400.57,568,49.75,327.5025,350.1425,6.582964824120603,568,2,0,1,medium(4-6),low(<50),very_high(1000+),low,57,False,False,False,False,0,False
2,1029.0,1702.6,1577.55,569,514.5,851.3,788.775,1.6546161321671524,569,3,-1,2,short(1-3),very_high(200+),very_high(1000+),high,55,False,False,False,False,0,False
10,643.0,2263.77,1685.92,570,64.3,226.377,168.592,3.520637636080871,570,0,0,0,long(7-10),medium(50-100),very_high(1000+),low,92,False,False,False,False,0,False
10,797.0,1706.73,1724.42,571,79.7,170.673,172.442,2.1414429109159347,571,0,0,0,long(7-10),medium(50-100),very_high(1000+),low,42,False,False,False,False,0,False
12,657.0,322.5,1113.16,572,54.75,26.875,92.76333333333334,0.4908675799086758,572,1,0,0,very_long(11+),medium(50-100),medium(100-500),low,16,False,False,False,False,0,False
8,177.0,486.06,751.58,573,22.125,60.7575,93.9475,2.746101694915254,573,1,0,0,long(7-10),low(<50),medium(100-500),low,58,False,False,False,False,0,False
2,222.0,456.24,437.4,574,111.0,228.12,218.7,2.055135135135135,574,1,0,1,short(1-3),high(100-200),medium(100-500),low,40,False,False,False,False,0,False
3,555.0,2342.76,1458.63,575,185.0,780.9200000000001,486.21000000000004,4.2211891891891895,575,2,-1,2,short(1-3),high(100-200),very_high(1000+),optimal,63,False,False,False,False,0,False
2,785.0,1964.63,1522.76,576,392.5,982.315,761.38,2.5027133757961786,576,2,-1,2,short(1-3),very_high(200+),very_high(1000+),high,76,False,False,False,False,0,False
5,104.0,281.67,464.68,577,20.8,56.334,92.936,2.7083653846153846,577,1,0,1,medium(4-6),low(<50),medium(100-500),low,68,False,False,False,False,0,False
1,673.0,2026.16,1372.83,578,673.0,2026.16,1372.83,3.0106389301634473,578,3,-1,3,short(1-3),very_high(200+),very_high(1000+),high,83,False,False,True,False,1,False
10,877.0,1711.12,1897.37,579,87.7,171.112,189.737,1.9511060433295324,579,0,0,0,long(7-10),medium(50-100),very_high(1000+),low,37,False,False,False,False,0,False
1,250.0,1300.17,1145.33,580,250.0,1300.17,1145.33,5.20068,580,2,-1,3,short(1-3),very_high(200+),very_high(1000+),high,33,False,False,False,True,1,False
1,467.0,296.49,221.23,581,467.0,296.49,221.23,0.634882226980728,581,1,-1,3,short(1-3),very_high(200+),medium(100-500),high,23,False,False,False,False,0,False
10,1026.0,828.82,1865.67,582,102.6,82.882,186.567,0.8078167641325537,582,0,0,0,long(7-10),high(100-200),high(500-1000),low,67,False,False,False,False,0,False
11,1106.0,2250.54,2050.62,583,100.54545454545455,204.59454545454545,186.42,2.0348462929475586,583,0,0,0,very_long(11+),high(100-200),very_high(1000+),low,62,False,False,False,False,0,False
12,452.0,816.56,1243.1,584,37.666666666666664,68.04666666666667,103.59166666666665,1.8065486725663715,584,1,0,0,very_long(11+),low(<50),high(500-1000),low,9,False,False,False,False,0,False
14,865.0,2497.16,1885.87,585,61.785714285714285,178.3685714285714,134.70499999999998,2.8868901734104044,585,0,0,0,very_long(11+),medium(50-100),very_high(1000+),low,87,False,False,False,False,0,False
8,107.0,2450.89,1468.19,586,13.375,306.36125,183.52375,22.905514018691587,586,2,0,1,long(7-10),low(<50),very_high(1000+),low,19,False,False,False,False,0,False
8,80.0,1092.18,1365.73,587,10.0,136.5225,170.71625,13.65225,587,1,0,0,long(7-10),low(<50),very_high(1000+),low,73,False,False,False,False,0,False
8,945.0,766.98,1625.53,588,118.125,95.8725,203.19125,0.8116190476190477,588,0,0,1,long(7-10),high(100-200),high(500-1000),low,53,False,False,False,False,0,False
13,1140.0,1607.8,2214.64,589,87.6923076923077,123.67692307692307,170.35692307692307,1.4103508771929825,589,0,0,0,very_long(11+),medium(50-100),very_high(1000+),low,64,False,False,False,False,0,False
2,636.0,1438.19,1435.96,590,318.0,719.095,717.98,2.261305031446541,590,2,-1,2,short(1-3),very_high(200+),very_high(1000+),high,96,False,False,False,False,0,False
14,865.0,1422.11,1921.18,591,61.785714285714285,101.5792857142857,137.22714285714287,1.644057803468208,591,0,0,0,very_long(11+),medium(50-100),very_high(1000+),low,18,False,False,False,False,0,False
12,482.0,1710.47,1746.74,592,40.166666666666664,142.53916666666666,145.56166666666667,3.5486929460580914,592,0,0,0,very_long(11+),low(<50),very_high(1000+),low,74,False,False,False,False,0,False
2,68.0,756.61,648.53,593,34.0,378.305,324.265,11.126617647058824,593,1,0,2,short(1-3),low(<50),high(500-1000),low,53,False,False,False,True,1,False
14,512.0,526.84,1306.64,594,36.57142857142857,37.63142857142857,93.33142857142857,1.028984375,594,1,0,0,very_long(11+),low(<50),high(500-1000),low,64,False,False,False,False,0,False
14,1001.0,1647.24,2080.0,595,71.5,117.66,148.57142857142858,1.6455944055944056,595,0,0,0,very_long(11+),medium(50-100),very_high(1000+),low,0,False,False,False,False,0,False
1,547.0,573.6,616.27,596,547.0,573.6,616.27,1.0486288848263254,596,3,-1,3,short(1-3),very_high(200+),high(500-1000),high,27,False,False,False,False,0,False
10,5.0,1338.9,1610.25,597,0.5,133.89000000000001,161.025,267.78000000000003,597,1,0,0,long(7-10),low(<50),very_high(1000+),low,25,False,False,False,False,0,False
3,1158.0,1107.4,1361.3,598,386.0,369.1333333333334,453.76666666666665,0.9563039723661486,598,2,-1,2,short(1-3),very_high(200+),very_high(1000+),high,30,False,False,False,True,1,False
1,993.0,1143.58,1328.85,599,993.0,1143.58,1328.85,1.1516414904330312,599,3,-1,3,short(1-3),very_high(200+),very_high(1000+),high,85,False,False,True,False,1,False
6,378.0,837.63,1215.96,600,63.0,139.605,202.66,2.215952380952381,600,1,0,1,medium(4-6),medium(50-100),high(500-1000),low,96,False,False,False,False,0,False
11,1156.0,2231.86,1988.56,601,105.0909090909091,202.89636363636365,180.77818181818182,1.930674740484429,601,0,0,0,very_long(11+),high(100-200),very_high(1000+),low,56,False,False,False,False,0,False
5,1050.0,882.86,1430.04,602,210.0,176.572,286.008,0.8408190476190476,602,1,0,1,medium(4-6),very_high(200+),high(500-1000),optimal,4,False,False,False,False,0,False
8,836.0,735.52,1606.63,603,104.5,91.94,200.82875,0.8798086124401914,603,1,0,1,long(7-10),high(100-200),high(500-1000),low,63,False,False,False,False,0,False
11,654.0,1516.42,1870.43,604,59.45454545454545,137.85636363636365,170.0390909090909,2.31868501529052,604,0,0,0,very_long(11+),medium(50-100),very_high(1000+),low,43,False,False,False,False,0,False
8,633.0,1308.36,1639.12,605,79.125,163.545,204.89,2.066919431279621,605,0,0,1,long(7-10),medium(50-100),very_high(1000+),low,12,False,False,False,False,0,False
12,713.0,1642.01,1873.19,606,59.416666666666664,136.83416666666668,156.09916666666666,2.3029593267882187,606,0,0,0,very_long(11+),medium(50-100),very_high(1000+),low,19,False,False,False,False,0,False
5,96.0,1105.47,1312.16,607,19.2,221.094,262.432,11.5153125,607,1,0,1,medium(4-6),low(<50),very_high(1000+),low,16,False,False,False,False,0,False
7,1054.0,576.47,1344.18,608,150.57142857142858,82.35285714285715,192.0257142857143,0.5469354838709678,608,1,0,1,long(7-10),high(100-200),high(500-1000),low,18,False,False,False,False,0,False
12,495.0,1948.13,1831.92,609,41.25,162.34416666666667,152.66,3.935616161616162,609,0,0,0,very_long(11+),low(<50),very_high(1000+),low,92,False,False,False,False,0,False
1,1068.0,2011.28,1421.45,610,1068.0,2011.28,1421.45,1.8832209737827714,610,3,-1,3,short(1-3),,very_high(1000+),,45,False,False,True,False,1,False
7,1000.0,1620.46,1971.23,611,142.85714285714286,231.49428571428572,281.6042857142857,1.62046,611,0,0,1,long(7-10),high(100-200),very_high(1000+),low,23,False,False,False,False,0,False
13,855.0,1798.75,1951.77,612,65.76923076923077,138.3653846153846,150.13615384615383,2.103801169590643,612,0,0,0,very_long(11+),medium(50-100),very_high(1000+),low,77,False,False,False,False,0,False
8,544.0,1279.51,1483.77,613,68.0,159.93875,185.47125,2.3520404411764706,613,0,0,1,long(7-10),medium(50-100),very_high(1000+),low,77,False,False,False,False,0,False
11,816.0,544.99,1077.12,614,74.18181818181819,49.54454545454546,97.91999999999999,0.6678799019607843,614,0,0,0,very_long(11+),medium(50-100),high(500-1000),low,11,False,False,False,False,0,False
5,1080.0,2383.82,1664.76,615,216.0,476.764,332.952,2.207240740740741,615,2,0,1,medium(4-6),very_high(200+),very_high(1000+),optimal,76,False,False,False,False,0,False
8,1124.0,1908.69,1833.27,616,140.5,238.58625,229.15875,1.6981227758007118,616,0,0,1,long(7-10),high(100-200),very_high(1000+),low,27,False,False,False,False,0,False
3,29.0,1632.85,1269.1,617,9.666666666666666,544.2833333333333,423.0333333333333,56.3051724137931,617,2,0,2,short(1-3),low(<50),very_high(1000+),low,9,False,False,False,False,0,False
6,470.0,2235.72,1628.6,618,78.33333333333333,372.61999999999995,271.43333333333334,4.756851063829787,618,2,0,1,medium(4-6),medium(50-100),very_high(1000+),low,60,False,False,False,False,0,False
7,287.0,2293.5,1558.09,619,41.0,327.64285714285717,222.5842857142857,7.991289198606272,619,2,0,1,long(7-10),low(<50),very_high(1000+),low,9,False,False,False,False,0,False
4,72.0,1367.29,1302.97,620,18.0,341.8225,325.7425,18.99013888888889,620,2,0,2,medium(4-6),low(<50),very_high(1000+),low,97,False,False,False,False,0,False
6,344.0,233.31,800.18,621,57.333333333333336,38.885,133.36333333333332,0.6782267441860466,621,1,0,1,medium(4-6),medium(50-100),medium(100-500),low,18,False,False,False,False,0,False
8,801.0,1241.21,1780.65,622,100.125,155.15125,222.58125,1.5495755305867667,622,0,0,1,long(7-10),high(100-200),very_high(1000+),low,65,False,False,False,False,0,False
5,629.0,484.34,1029.87,623,125.8,96.868,205.974,0.7700158982511923,623,1,0,1,medium(4-6),high(100-200),medium(100-500),low,86,False,False,False,False,0,False
11,327.0,961.08,1356.46,624,29.727272727272727,87.3709090909091,123.31454545454545,2.9390825688073394,624,1,0,0,very_long(11+),low(<50),high(500-1000),low,46,False,False,False,False,0,False
14,94.0,105.94,1180.63,625,6.714285714285714,7.567142857142857,84.3307142857143,1.1270212765957446,625,1,4,0,very_long(11+),low(<50),medium(100-500),low,63,False,False,False,True,1,False
4,1113.0,2103.82,1695.08,626,278.25,525.955,423.77,1.8902246181491467,626,2,0,2,medium(4-6),very_high(200+),very_high(1000+),high,8,False,False,False,False,0,False
14,267.0,2090.21,1968.4,627,19.071428571428573,149.3007142857143,140.6,7.828501872659176,627,0,0,0,very_long(11+),low(<50),very_high(1000+),low,40,False,False,False,False,0,False
1,979.0,1292.54,1313.53,628,979.0,1292.54,1313.53,1.3202655771195098,628,3,-1,3,short(1-3),very_high(200+),very_high(1000+),high,53,False,False,True,False,1,False
10,625.0,519.94,1229.41,629,62.5,51.99400000000001,122.941,0.8319040000000001,629,1,0,0,long(7-10),medium(50-100),high(500-1000),low,41,False,False,False,False,0,False
14,457.0,848.61,1492.64,630,32.642857142857146,60.615,106.61714285714287,1.85691466083151,630,0,0,0,very_long(11+),low(<50),high(500-1000),low,64,False,False,False,False,0,False
11,398.0,723.39,1154.77,631,36.18181818181818,65.76272727272728,104.97909090909091,1.8175628140703517,631,1,0,0,very_long(11+),low(<50),high(500-1000),low,77,False,False,False,False,0,False
14,68.0,438.96,866.76,632,4.857142857142857,31.354285714285712,61.91142857142857,6.455294117647059,632,1,4,0,very_long(11+),low(<50),medium(100-500),low,76,False,False,False,False,0,False
3,769.0,2497.93,1587.8,633,256.3333333333333,832.6433333333333,529.2666666666667,3.2482834850455133,633,2,-1,2,short(1-3),very_high(200+),very_high(1000+),high,80,False,False,False,False,0,False
13,694.0,1054.31,1815.02,634,53.38461538461539,81.10076923076923,139.6169230769231,1.519178674351585,634,0,0,0,very_long(11+),medium(50-100),very_high(1000+),low,2,False,False,False,False,0,False
12,1088.0,1977.91,1883.21,635,90.66666666666667,164.82583333333335,156.93416666666667,1.8179319852941178,635,0,0,0,very_long(11+),medium(50-100),very_high(1000+),low,21,False,False,False,False,0,False
9,101.0,950.23,1281.64,636,11.222222222222221,105.58111111111111,142.40444444444447,9.408217821782179,636,1,0,0,long(7-10),low(<50),high(500-1000),low,64,False,False,False,False,0,False
1,170.0,2452.85,1209.08,637,170.0,2452.85,1209.08,14.428529411764705,637,3,-1,3,short(1-3),high(100-200),very_high(1000+),low,8,False,False,True,True,2,True
12,1135.0,475.95,1447.39,638,94.58333333333333,39.6625,120.61583333333334,0.4193392070484581,638,0,0,0,very_long(11+),medium(50-100),medium(100-500),low,39,False,False,False,False,0,False
3,1109.0,2092.26,1436.66,639,369.6666666666667,697.4200000000001,478.8866666666667,1.886618575293057,639,2,5,2,short(1-3),very_high(200+),very_high(1000+),high,66,False,False,False,False,0,False
7,753.0,358.13,1084.79,640,107.57142857142857,51.16142857142857,154.97,0.4756042496679947,640,1,0,1,long(7-10),high(100-200),medium(100-500),low,79,False,False,False,False,0,False
2,521.0,467.19,667.85,641,260.5,233.595,333.925,0.8967178502879078,641,1,-1,2,short(1-3),very_high(200+),medium(100-500),high,85,False,False,False,False,0,False
12,1003.0,983.23,1996.18,642,83.58333333333333,81.93583333333333,166.34833333333333,0.9802891326021934,642,0,0,0,very_long(11+),medium(50-100),high(500-1000),low,18,False,False,False,False,0,False
3,269.0,708.05,799.12,643,89.66666666666667,236.01666666666665,266.37333333333333,2.632156133828996,643,1,0,1,short(1-3),medium(50-100),high(500-1000),low,12,False,False,False,False,0,False
14,646.0,2418.19,1931.21,644,46.142857142857146,172.72785714285715,137.94357142857143,3.743328173374613,644,0,0,0,very_long(11+),low(<50),very_high(1000+),low,21,False,False,False,False,0,False
14,1153.0,346.58,1292.93,645,82.35714285714286,24.755714285714284,92.35214285714287,0.30058976582827407,645,0,0,0,very_long(11+),medium(50-100),medium(100-500),low,93,False,False,False,False,0,False
4,18.0,289.06,380.88,646,4.5,72.265,95.22,16.058888888888887,646,1,0,1,medium(4-6),low(<50),medium(100-500),low,88,False,False,False,False,0,False
13,1167.0,1074.36,2197.33,647,89.76923076923077,82.64307692307692,169.0253846153846,0.9206169665809768,647,0,0,0,very_long(11+),medium(50-100),very_high(1000+),low,33,False,False,False,False,0,False
1,1113.0,1536.0,1403.6,648,1113.0,1536.0,1403.6,1.3800539083557952,648,3,-1,3,short(1-3),,very_high(1000+),,60,False,False,True,False,1,False
6,930.0,1907.95,1788.75,649,155.0,317.9916666666667,298.125,2.0515591397849464,649,0,0,1,medium(4-6),high(100-200),very_high(1000+),low,75,False,False,False,False,0,False
5,714.0,617.72,1164.2,650,142.8,123.54400000000001,232.84,0.8651540616246499,650,1,0,1,medium(4-6),high(100-200),high(500-1000),low,20,False,False,False,False,0,False
7,256.0,2180.53,1548.87,651,36.57142857142857,311.50428571428574,221.26714285714283,8.5176953125,651,2,0,1,long(7-10),low(<50),very_high(1000+),low,87,False,False,False,False,0,False
9,1063.0,2497.79,1761.94,652,118.11111111111111,277.53222222222223,195.7711111111111,2.349755409219191,652,0,0,1,long(7-10),high(100-200),very_high(1000+),low,94,False,False,False,False,0,False
11,512.0,2016.19,1710.53,653,46.54545454545455,183.29,155.50272727272727,3.93787109375,653,0,0,0,very_long(11+),low(<50),very_high(1000+),low,53,False,False,False,False,0,False
9,463.0,1024.53,1476.48,654,51.44444444444444,113.83666666666666,164.05333333333334,2.2128077753779696,654,1,0,0,long(7-10),medium(50-100),very_high(1000+),low,48,False,False,False,False,0,False
12,714.0,2003.23,1829.06,655,59.5,166.93583333333333,152.42166666666665,2.805644257703081,655,0,0,0,very_long(11+),medium(50-100),very_high(1000+),low,6,False,False,False,False,0,False
9,1165.0,1868.79,1945.95,656,129.44444444444446,207.64333333333332,216.21666666666667,1.6041115879828325,656,0,0,1,long(7-10),high(100-200),very_high(1000+),low,95,False,False,False,False,0,False
1,872.0,2420.07,1456.34,657,872.0,2420.07,1456.34,2.7753096330275233,657,3,-1,3,short(1-3),very_high(200+),very_high(1000+),high,34,False,False,True,False,1,False
10,631.0,1220.71,1730.86,658,63.1,122.071,173.08599999999998,1.9345641838351824,658,0,0,0,long(7-10),medium(50-100),very_high(1000+),low,86,False,False,False,False,0,False
9,633.0,888.17,1384.78,659,70.33333333333333,98.68555555555555,153.86444444444444,1.4031121642969984,659,1,0,0,long(7-10),medium(50-100),high(500-1000),low,78,False,False,False,False,0,False
4,1065.0,119.34,781.82,660,266.25,29.835,195.455,0.11205633802816901,660,1,0,2,medium(4-6),very_high(200+),medium(100-500),high,82,False,False,False,False,0,False
12,947.0,193.05,1225.63,661,78.91666666666667,16.087500000000002,102.13583333333334,0.2038542766631468,661,1,0,0,very_long(11+),medium(50-100),medium(100-500),low,63,False,False,False,False,0,False
4,159.0,568.58,647.0,662,39.75,142.145,161.75,3.575974842767296,662,1,0,1,medium(4-6),low(<50),high(500-1000),low,0,False,False,False,False,0,False
1,292.0,449.83,363.02,663,292.0,449.83,363.02,1.5405136986301369,663,1,-1,3,short(1-3),very_high(200+),medium(100-500),high,2,False,False,False,False,0,False
1,1115.0,926.13,1192.88,664,1115.0,926.13,1192.88,0.830609865470852,664,3,-1,3,short(1-3),,high(500-1000),,88,False,False,True,False,1,False
7,1168.0,667.94,1639.55,665,166.85714285714286,95.42,234.22142857142856,0.5718664383561645,665,0,0,1,long(7-10),high(100-200),high(500-1000),low,55,False,False,False,False,0,False
4,348.0,2047.08,1507.04,666,87.0,511.77,376.76,5.882413793103448,666,2,0,2,medium(4-6),medium(50-100),very_high(1000+),low,4,False,False,False,False,0,False
8,77.0,1930.98,1485.69,667,9.625,241.3725,185.71125,25.07766233766234,667,2,0,1,long(7-10),low(<50),very_high(1000+),low,69,False,False,False,False,0,False
7,1033.0,1013.03,2119.83,668,147.57142857142858,144.71857142857144,302.8328571428571,0.9806679574056147,668,0,0,1,long(7-10),high(100-200),very_high(1000+),low,83,False,False,False,False,0,False
4,672.0,1603.52,1612.43,669,168.0,400.88,403.1075,2.386190476190476,669,2,0,2,medium(4-6),high(100-200),very_high(1000+),low,43,False,False,False,False,0,False
4,1191.0,999.45,1478.93,670,297.75,249.8625,369.7325,0.8391687657430731,670,2,-1,2,medium(4-6),very_high(200+),high(500-1000),high,93,False,False,False,True,1,False
8,392.0,661.27,978.13,671,49.0,82.65875,122.26625,1.6869132653061225,671,1,0,0,long(7-10),low(<50),high(500-1000),low,13,False,False,False,False,0,False
7,951.0,584.4,1253.76,672,135.85714285714286,83.48571428571428,179.10857142857142,0.6145110410094637,672,1,0,1,long(7-10),high(100-200),high(500-1000),low,76,False,False,False,False,0,False
5,778.0,2423.47,1643.96,673,155.6,484.69399999999996,328.79200000000003,3.1149999999999998,673,2,0,1,medium(4-6),high(100-200),very_high(1000+),low,96,False,False,False,False,0,False
11,958.0,1999.13,1900.18,674,87.0909090909091,181.73909090909092,172.74363636363637,2.086774530271399,674,0,0,0,very_long(11+),medium(50-100),very_high(1000+),low,18,False,False,False,False,0,False
3,186.0,1068.31,1152.04,675,62.0,356.1033333333333,384.0133333333333,5.743602150537634,675,1,0,2,short(1-3),medium(50-100),very_high(1000+),low,4,False,False,False,False,0,False
5,1116.0,2460.46,1711.97,676,223.2,492.092,342.394,2.2047132616487457,676,2,0,1,medium(4-6),very_high(200+),very_high(1000+),high,97,False,False,False,False,0,False
13,63.0,107.92,710.25,677,4.846153846153846,8.301538461538462,54.63461538461539,1.713015873015873,677,1,4,0,very_long(11+),low(<50),medium(100-500),low,25,False,False,False,False,0,False
6,170.0,476.99,600.23,678,28.333333333333332,79.49833333333333,100.03833333333334,2.805823529411765,678,1,0,1,medium(4-6),low(<50),medium(100-500),low,23,False,False,False,False,0,False
3,870.0,413.23,795.8,679,290.0,137.74333333333334,265.26666666666665,0.4749770114942529,679,1,0,2,short(1-3),very_high(200+),medium(100-500),high,80,False,False,False,False,0,False
12,852.0,1957.9,1944.89,680,71.0,163.15833333333333,162.07416666666668,2.2980046948356807,680,0,0,0,very_long(11+),medium(50-100),very_high(1000+),low,89,False,False,False,False,0,False
6,420.0,386.77,929.16,681,70.0,64.46166666666666,154.85999999999999,0.9208809523809524,681,1,0,1,medium(4-6),medium(50-100),medium(100-500),low,16,False,False,False,False,0,False
6,668.0,1922.45,1796.98,682,111.33333333333333,320.40833333333336,299.49666666666667,2.8779191616766466,682,2,0,1,medium(4-6),high(100-200),very_high(1000+),low,98,False,False,False,False,0,False
8,795.0,1645.99,644.69,683,99.375,205.74875,80.58625,2.070427672955975,683,0,0,1,long(7-10),medium(50-100),very_high(1000+),low,69,False,False,False,False,0,False
4,420.0,927.74,1238.04,684,105.0,231.935,309.51,2.208904761904762,684,1,0,1,medium(4-6),high(100-200),high(500-1000),low,4,False,False,False,False,0,False
12,1074.0,2407.71,1843.97,685,89.5,200.6425,153.66416666666666,2.2418156424581004,685,0,0,0,very_long(11+),medium(50-100),very_high(1000+),low,97,False,False,False,False,0,False
12,916.0,2394.85,1740.85,686,76.33333333333333,199.57083333333333,145.07083333333333,2.6144650655021833,686,0,0,0,very_long(11+),medium(50-100),very_high(1000+),low,85,False,False,False,False,0,False
4,1075.0,586.17,1023.65,687,268.75,146.5425,255.9125,0.5452744186046511,687,1,0,2,medium(4-6),very_high(200+),high(500-1000),high,65,False,False,False,False,0,False
5,1143.0,1217.72,1745.09,688,228.6,243.544,349.018,1.0653718285214349,688,0,-1,1,medium(4-6),very_high(200+),very_high(1000+),high,9,False,False,False,False,0,False
2,719.0,591.44,755.3,689,359.5,295.72,377.65,0.8225869262865091,689,1,1,2,short(1-3),very_high(200+),high(500-1000),high,30,False,False,False,False,0,False
4,197.0,1858.84,1416.33,690,49.25,464.71,354.0825,9.435736040609136,690,2,0,2,medium(4-6),low(<50),very_high(1000+),low,33,False,False,False,False,0,False
6,248.0,395.4,710.15,691,41.333333333333336,65.89999999999999,118.35833333333333,1.5943548387096773,691,1,0,1,medium(4-6),low(<50),medium(100-500),low,15,False,False,False,False,0,False
10,834.0,1820.8,1883.49,692,83.4,182.07999999999998,188.349,2.1832134292565946,692,0,0,0,long(7-10),medium(50-100),very_high(1000+),low,49,False,False,False,False,0,False
1,1112.0,2011.44,1423.85,693,1112.0,2011.44,1423.85,1.8088489208633094,693,3,-1,3,short(1-3),,very_high(1000+),,85,False,False,True,False,1,False
12,1189.0,1453.16,2162.13,694,99.08333333333333,121.09666666666668,180.1775,1.222169890664424,694,0,0,0,very_long(11+),medium(50-100),very_high(1000+),low,13,False,False,False,False,0,False
14,269.0,1349.61,1832.34,695,19.214285714285715,96.40071428571427,130.88142857142856,5.017137546468401,695,0,-1,0,very_long(11+),low(<50),very_high(1000+),low,34,False,False,False,False,0,False
7,671.0,1262.85,1600.42,696,95.85714285714286,180.40714285714284,228.6314285714286,1.8820417287630402,696,0,0,1,long(7-10),medium(50-100),very_high(1000+),low,42,False,False,False,False,0,False
9,52.0,350.58,601.81,697,5.777777777777778,38.95333333333333,66.86777777777777,6.741923076923077,697,1,0,0,long(7-10),low(<50),medium(100-500),low,80,False,False,False,False,0,False
14,976.0,1526.58,1995.87,698,69.71428571428571,109.04142857142857,142.56214285714285,1.5641188524590164,698,0,0,0,very_long(11+),medium(50-100),very_high(1000+),low,87,False,False,False,False,0,False
2,370.0,1554.5,1311.23,699,185.0,777.25,655.615,4.201351351351351,699,2,-1,2,short(1-3),high(100-200),very_high(1000+),optimal,23,False,False,False,False,0,False
4,1180.0,1948.55,1565.16,700,295.0,487.1375,391.29,1.6513135593220338,700,2,0,2,medium(4-6),very_high(200+),very_high(1000+),high,16,False,False,False,False,0,False
5,36.0,2022.94,1410.58,701,7.2,404.588,282.116,56.19277777777778,701,2,0,1,medium(4-6),low(<50),very_high(1000+),low,58,False,False,False,False,0,False
5,691.0,1030.64,1465.26,702,138.2,206.12800000000001,293.052,1.4915195369030392,702,1,0,1,medium(4-6),high(100-200),very_high(1000+),low,26,False,False,False,False,0,False
8,52.0,2353.5,1485.05,703,6.5,294.1875,185.63125,45.25961538461539,703,2,0,1,long(7-10),low(<50),very_high(1000+),low,5,False,False,False,False,0,False
11,24.0,2029.04,1569.37,704,2.1818181818181817,184.45818181818183,142.67,84.54333333333334,704,0,0,0,very_long(11+),low(<50),very_high(1000+),low,37,False,False,False,False,0,False
8,221.0,936.98,1287.0,705,27.625,117.1225,160.875,4.239728506787331,705,1,0,0,long(7-10),low(<50),high(500-1000),low,0,False,False,False,False,0,False
1,85.0,89.83,175.53,706,85.0,89.83,175.53,1.0568235294117647,706,1,0,3,short(1-3),medium(50-100),low(<100),low,53,False,False,False,False,0,False
7,803.0,12.75,1146.78,707,114.71428571428571,1.8214285714285714,163.82571428571427,0.015877957658779578,707,1,0,1,long(7-10),high(100-200),low(<100),low,78,False,False,False,False,0,False
12,893.0,910.41,1862.13,708,74.41666666666667,75.86749999999999,155.1775,1.0194960806270996,708,0,0,0,very_long(11+),medium(50-100),high(500-1000),low,13,False,False,False,False,0,False
14,113.0,1091.13,1703.02,709,8.071428571428571,77.93785714285715,121.64428571428572,9.656017699115045,709,1,0,0,very_long(11+),low(<50),very_high(1000+),low,2,False,False,False,False,0,False
5,516.0,1878.49,669.85,710,103.2,375.698,133.97,3.640484496124031,710,2,0,1,medium(4-6),high(100-200),very_high(1000+),low,85,False,False,False,False,0,False
14,904.0,2005.96,1970.01,711,64.57142857142857,143.28285714285715,140.715,2.2189823008849556,711,0,0,0,very_long(11+),medium(50-100),very_high(1000+),low,1,False,False,False,False,0,False
1,1058.0,1601.04,1465.9,712,1058.0,1601.04,1465.9,1.5132703213610585,712,3,-1,3,short(1-3),,very_high(1000+),,90,False,False,True,False,1,False
14,555.0,313.73,1201.26,713,39.642857142857146,22.409285714285716,85.80428571428571,0.5652792792792793,713,1,0,0,very_long(11+),low(<50),medium(100-500),low,26,False,False,False,False,0,False
7,738.0,730.28,1429.72,714,105.42857142857143,104.32571428571428,204.24571428571429,0.9895392953929539,714,1,0,1,long(7-10),high(100-200),high(500-1000),low,72,False,False,False,False,0,False
8,792.0,2437.24,1556.7,715,99.0,304.655,194.5875,3.077323232323232,715,0,0,1,long(7-10),medium(50-100),very_high(1000+),low,70,False,False,False,False,0,False
5,831.0,432.8,901.36,716,166.2,86.56,180.272,0.5208182912154031,716,1,0,1,medium(4-6),high(100-200),medium(100-500),low,36,False,False,False,False,0,False
7,709.0,320.8,1116.62,717,101.28571428571429,45.82857142857143,159.51714285714283,0.4524682651622003,717,1,0,1,long(7-10),high(100-200),medium(100-500),low,61,False,False,False,False,0,False
9,1078.0,161.85,1260.96,718,119.77777777777777,17.983333333333334,140.10666666666668,0.15013914656771798,718,1,0,0,long(7-10),high(100-200),medium(100-500),low,96,False,False,False,False,0,False
2,616.0,968.93,1163.1,719,308.0,484.465,581.55,1.5729383116883116,719,2,-1,2,short(1-3),very_high(200+),high(500-1000),high,9,False,False,False,False,0,False
2,570.0,2297.12,1423.86,720,285.0,1148.56,711.93,4.030035087719298,720,2,-1,2,short(1-3),very_high(200+),very_high(1000+),high,86,False,False,False,False,0,False
9,13.0,986.41,1271.52,721,1.4444444444444444,109.60111111111111,141.28,75.8776923076923,721,1,0,0,long(7-10),low(<50),high(500-1000),low,52,False,False,False,False,0,False
7,381.0,2106.96,1705.27,722,54.42857142857143,300.9942857142857,243.60999999999999,5.530078740157481,722,2,0,1,long(7-10),medium(50-100),very_high(1000+),low,27,False,False,False,False,0,False
9,460.0,2424.47,1624.68,723,51.111111111111114,269.3855555555555,180.52,5.270586956521739,723,0,0,1,long(7-10),medium(50-100),very_high(1000+),low,68,False,False,False,False,0,False
4,425.0,1286.54,1449.26,724,106.25,321.635,362.315,3.0271529411764706,724,2,0,1,medium(4-6),high(100-200),very_high(1000+),low,26,False,False,False,False,0,False
11,437.0,1053.24,1630.47,725,39.72727272727273,95.74909090909091,148.22454545454545,2.4101601830663615,725,0,0,0,very_long(11+),low(<50),very_high(1000+),low,47,False,False,False,False,0,False
9,1000.0,1901.79,1778.65,726,111.11111111111111,211.31,197.6277777777778,1.9017899999999999,726,0,0,1,long(7-10),high(100-200),very_high(1000+),low,65,False,False,False,False,0,False
1,553.0,1687.11,1295.34,727,553.0,1687.11,1295.34,3.0508318264014465,727,3,-1,3,short(1-3),very_high(200+),very_high(1000+),high,33,False,False,True,False,1,False
10,5.0,1094.06,1361.08,728,0.5,109.40599999999999,136.108,218.81199999999998,728,1,0,0,long(7-10),low(<50),very_high(1000+),low,8,False,False,False,False,0,False
12,931.0,864.21,1663.58,729,77.58333333333333,72.0175,138.63166666666666,0.9282599355531687,729,0,0,0,very_long(11+),medium(50-100),high(500-1000),low,58,False,False,False,False,0,False
6,436.0,914.53,1389.11,730,72.66666666666667,152.42166666666665,231.51833333333332,2.097545871559633,730,1,0,1,medium(4-6),medium(50-100),high(500-1000),low,11,False,False,False,False,0,False
3,1074.0,247.32,636.02,731,358.0,82.44,212.00666666666666,0.23027932960893854,731,1,0,2,short(1-3),very_high(200+),medium(100-500),high,2,False,False,False,False,0,False
9,896.0,1398.54,1727.1,732,99.55555555555556,155.39333333333332,191.89999999999998,1.5608705357142856,732,0,0,1,long(7-10),medium(50-100),very_high(1000+),low,10,False,False,False,False,0,False
1,462.0,2047.57,1202.9,733,462.0,2047.57,1202.9,4.431969696969697,733,3,-1,3,short(1-3),very_high(200+),very_high(1000+),high,90,False,False,True,False,1,False
3,665.0,2418.16,1490.96,734,221.66666666666666,806.0533333333333,496.9866666666667,3.636330827067669,734,2,-1,2,short(1-3),very_high(200+),very_high(1000+),high,96,False,False,False,False,0,False
11,532.0,2419.86,1653.69,735,48.36363636363637,219.98727272727274,150.33545454545455,4.548609022556391,735,0,0,0,very_long(11+),low(<50),very_high(1000+),low,69,False,False,False,False,0,False
9,483.0,52.64,949.04,736,53.666666666666664,5.848888888888889,105.44888888888889,0.10898550724637682,736,1,0,0,long(7-10),medium(50-100),low(<100),low,4,False,False,False,False,0,False
12,296.0,326.83,981.72,737,24.666666666666668,27.235833333333332,81.81,1.1041554054054052,737,1,0,0,very_long(11+),low(<50),medium(100-500),low,72,False,False,False,False,0,False
9,131.0,1990.0,1557.2,738,14.555555555555555,221.11111111111111,173.02222222222224,15.19083969465649,738,0,0,0,long(7-10),low(<50),very_high(1000+),low,20,False,False,False,False,0,False
6,836.0,2035.17,1718.79,739,139.33333333333334,339.195,286.465,2.434413875598086,739,2,0,1,medium(4-6),high(100-200),very_high(1000+),low,79,False,False,False,False,0,False
10,532.0,1223.36,1631.49,740,53.2,122.33599999999998,163.149,2.299548872180451,740,0,0,0,long(7-10),medium(50-100),very_high(1000+),low,49,False,False,False,False,0,False
14,595.0,2140.61,1989.13,741,42.5,152.9007142857143,142.0807142857143,3.5976638655462185,741,0,0,0,very_long(11+),low(<50),very_high(1000+),low,13,False,False,False,False,0,False
7,623.0,1894.02,1739.49,742,89.0,270.57428571428574,248.49857142857144,3.04016051364366,742,0,0,1,long(7-10),medium(50-100),very_high(1000+),low,49,False,False,False,False,0,False
5,1077.0,2234.35,1665.23,743,215.4,446.87,333.046,2.0746053853296194,743,2,0,1,medium(4-6),very_high(200+),very_high(1000+),optimal,23,False,False,False,False,0,False
5,579.0,1018.52,1468.01,744,115.8,203.704,293.602,1.7591018998272885,744,1,0,1,medium(4-6),high(100-200),very_high(1000+),low,1,False,False,False,False,0,False
8,255.0,1817.19,1510.91,745,31.875,227.14875,188.86375,7.126235294117647,745,0,0,1,long(7-10),low(<50),very_high(1000+),low,91,False,False,False,False,0,False
8,1009.0,1378.07,1903.76,746,126.125,172.25875,237.97,1.3657779980178393,746,0,0,1,long(7-10),high(100-200),very_high(1000+),low,76,False,False,False,False,0,False
10,87.0,498.96,781.97,747,8.7,49.896,78.197,5.735172413793103,747,1,0,0,long(7-10),low(<50),medium(100-500),low,97,False,False,False,False,0,False
1,809.0,1734.56,1447.25,748,809.0,1734.56,1447.25,2.144079110012361,748,3,-1,3,short(1-3),very_high(200+),very_high(1000+),high,25,False,False,True,False,1,False
9,1079.0,1981.94,1763.16,749,119.88888888888889,220.21555555555557,195.90666666666667,1.8368303985171455,749,0,0,1,long(7-10),high(100-200),very_high(1000+),low,16,False,False,False,False,0,False
8,1134.0,1049.84,2073.13,750,141.75,131.23,259.14125,0.925784832451499,750,0,0,1,long(7-10),high(100-200),very_high(1000+),low,13,False,False,False,False,0,False
8,403.0,654.97,895.14,751,50.375,81.87125,111.8925,1.6252357320099255,751,1,0,0,long(7-10),medium(50-100),high(500-1000),low,14,False,False,False,False,0,False
8,534.0,429.88,916.02,752,66.75,53.735,114.5025,0.8050187265917603,752,1,0,0,long(7-10),medium(50-100),medium(100-500),low,2,False,False,False,False,0,False
13,564.0,2245.56,1745.09,753,43.38461538461539,172.73538461538462,134.2376923076923,3.9814893617021276,753,0,0,0,very_long(11+),low(<50),very_high(1000+),low,9,False,False,False,False,0,False
2,752.0,958.29,1144.41,754,376.0,479.145,572.205,1.2743218085106383,754,2,1,2,short(1-3),very_high(200+),high(500-1000),high,41,False,False,False,False,0,False
11,293.0,1410.0,1673.7,755,26.636363636363637,128.1818181818182,152.15454545454546,4.812286689419795,755,0,0,0,very_long(11+),low(<50),very_high(1000+),low,70,False,False,False,False,0,False
5,919.0,470.23,1119.17,756,183.8,94.046,223.834,0.5116757344940153,756,1,0,1,medium(4-6),high(100-200),medium(100-500),optimal,17,False,False,False,False,0,False
5,103.0,333.22,573.58,757,20.6,66.644,114.71600000000001,3.2351456310679616,757,1,0,1,medium(4-6),low(<50),medium(100-500),low,58,False,False,False,False,0,False
1,893.0,19.76,570.71,758,893.0,19.76,570.71,0.022127659574468085,758,3,-1,3,short(1-3),very_high(200+),low(<100),high,71,False,False,True,True,2,True
12,37.0,52.65,789.01,759,3.0833333333333335,4.3875,65.75083333333333,1.422972972972973,759,1,4,0,very_long(11+),low(<50),low(<100),low,1,False,False,False,False,0,False
8,1142.0,776.74,1827.44,760,142.75,97.0925,228.43,0.6801576182136603,760,0,0,1,long(7-10),high(100-200),high(500-1000),low,44,False,False,False,False,0,False
5,332.0,218.03,801.73,761,66.4,43.606,160.346,0.6567168674698796,761,1,0,1,medium(4-6),medium(50-100),medium(100-500),low,73,False,False,False,False,0,False
7,950.0,1739.62,2032.23,762,135.71428571428572,248.51714285714283,290.31857142857143,1.831178947368421,762,0,0,1,long(7-10),high(100-200),very_high(1000+),low,23,False,False,False,False,0,False
9,223.0,1916.03,1623.73,763,24.77777777777778,212.89222222222222,180.41444444444446,8.592062780269059,763,0,0,0,long(7-10),low(<50),very_high(1000+),low,73,False,False,False,False,0,False
6,522.0,1210.87,1577.01,764,87.0,201.81166666666664,262.835,2.3196743295019155,764,1,0,1,medium(4-6),medium(50-100),very_high(1000+),low,1,False,False,False,False,0,False
12,46.0,2077.07,1666.29,765,3.8333333333333335,173.08916666666667,138.8575,45.153695652173916,765,0,0,0,very_long(11+),low(<50),very_high(1000+),low,29,False,False,False,False,0,False
2,252.0,1545.94,1300.19,766,126.0,772.97,650.095,6.13468253968254,766,2,-1,2,short(1-3),high(100-200),very_high(1000+),low,19,False,False,False,False,0,False
14,999.0,619.42,1510.57,767,71.35714285714286,44.24428571428571,107.89785714285713,0.62004004004004,767,0,0,0,very_long(11+),medium(50-100),high(500-1000),low,57,False,False,False,False,0,False
13,125.0,2004.61,1721.56,768,9.615384615384615,154.20076923076923,132.4276923076923,16.03688,768,0,0,0,very_long(11+),low(<50),very_high(1000+),low,56,False,False,False,False,0,False
9,597.0,625.99,990.84,769,66.33333333333333,69.55444444444444,110.09333333333333,1.0485594639865996,769,1,0,0,long(7-10),medium(50-100),high(500-1000),low,84,False,False,False,False,0,False
3,289.0,853.79,969.85,770,96.33333333333333,284.59666666666664,323.28333333333336,2.9542906574394463,770,1,0,2,short(1-3),medium(50-100),high(500-1000),low,85,False,False,False,False,0,False
7,953.0,1918.24,1833.56,771,136.14285714285714,274.0342857142857,261.9371428571429,2.0128436516264427,771,0,0,1,long(7-10),high(100-200),very_high(1000+),low,56,False,False,False,False,0,False
4,275.0,2359.64,1483.58,772,68.75,589.91,370.895,8.580509090909091,772,2,0,2,medium(4-6),medium(50-100),very_high(1000+),low,58,False,False,False,False,0,False
5,755.0,1584.41,1729.08,773,151.0,316.882,345.816,2.0985562913907287,773,2,0,1,medium(4-6),high(100-200),very_high(1000+),low,8,False,False,False,False,0,False
9,803.0,880.17,1589.75,774,89.22222222222223,97.79666666666667,176.63888888888889,1.0961021170610212,774,0,0,0,long(7-10),medium(50-100),high(500-1000),low,75,False,False,False,False,0,False
11,293.0,285.14,966.87,775,26.636363636363637,25.921818181818182,87.89727272727272,0.9731740614334471,775,1,0,0,very_long(11+),low(<50),medium(100-500),low,87,False,False,False,False,0,False
6,164.0,1460.21,1535.3,776,27.333333333333332,243.36833333333334,255.88333333333333,8.903719512195122,776,1,0,1,medium(4-6),low(<50),very_high(1000+),low,30,False,False,False,False,0,False
12,675.0,2277.93,1807.33,777,56.25,189.8275,150.61083333333332,3.374711111111111,777,0,0,0,very_long(11+),medium(50-100),very_high(1000+),low,33,False,False,False,False,0,False
11,859.0,146.71,1267.98,778,78.0909090909091,13.337272727272728,115.27090909090909,0.17079161816065194,778,1,0,0,very_long(11+),medium(50-100),medium(100-500),low,98,False,False,False,False,0,False
2,296.0,1878.7,1354.0,779,148.0,939.35,677.0,6.34695945945946,779,2,-1,2,short(1-3),high(100-200),very_high(1000+),low,0,False,False,False,False,0,False
7,300.0,2417.85,1634.04,780,42.857142857142854,345.40714285714284,233.43428571428572,8.0595,780,2,0,1,long(7-10),low(<50),very_high(1000+),low,4,False,False,False,False,0,False
2,1155.0,1517.18,1543.17,781,577.5,758.59,771.585,1.3135757575757576,781,3,-1,2,short(1-3),very_high(200+),very_high(1000+),high,17,False,False,False,True,1,False
5,765.0,480.48,1038.42,782,153.0,96.096,207.68400000000003,0.628078431372549,782,1,0,1,medium(4-6),high(100-200),medium(100-500),low,42,False,False,False,False,0,False
9,1097.0,2330.2,1728.07,783,121.88888888888889,258.9111111111111,192.00777777777776,2.1241567912488604,783,0,0,1,long(7-10),high(100-200),very_high(1000+),low,7,False,False,False,False,0,False
4,422.0,2049.71,1491.9,784,105.5,512.4275,372.975,4.857132701421801,784,2,0,2,medium(4-6),high(100-200),very_high(1000+),low,90,False,False,False,False,0,False
14,1020.0,510.33,1406.95,785,72.85714285714286,36.45214285714285,100.49642857142858,0.5003235294117647,785,0,0,0,very_long(11+),medium(50-100),high(500-1000),low,95,False,False,False,False,0,False
4,205.0,545.57,682.22,786,51.25,136.3925,170.555,2.661317073170732,786,1,0,1,medium(4-6),medium(50-100),high(500-1000),low,22,False,False,False,False,0,False
12,1046.0,1850.85,1875.72,787,87.16666666666667,154.23749999999998,156.31,1.769455066921606,787,0,0,0,very_long(11+),medium(50-100),very_high(1000+),low,72,False,False,False,False,0,False
4,1001.0,739.08,1116.31,788,250.25,184.77,279.0775,0.7383416583416584,788,1,0,2,medium(4-6),very_high(200+),high(500-1000),high,31,False,False,False,False,0,False
9,938.0,742.17,1632.1,789,104.22222222222223,82.46333333333332,181.34444444444443,0.791226012793177,789,0,0,0,long(7-10),high(100-200),high(500-1000),low,10,False,False,False,False,0,False
5,351.0,407.74,883.11,790,70.2,81.548,176.622,1.1616524216524218,790,1,0,1,medium(4-6),medium(50-100),medium(100-500),low,11,False,False,False,False,0,False
9,748.0,653.42,1249.66,791,83.11111111111111,72.60222222222222,138.85111111111112,0.8735561497326203,791,1,0,0,long(7-10),medium(50-100),high(500-1000),low,66,False,False,False,False,0,False
13,1186.0,2462.26,1906.35,792,91.23076923076923,189.4046153846154,146.6423076923077,2.0761045531197304,792,0,0,0,very_long(11+),medium(50-100),very_high(1000+),low,35,False,False,False,False,0,False
6,384.0,1656.04,1682.33,793,64.0,276.00666666666666,280.3883333333333,4.312604166666667,793,2,0,1,medium(4-6),medium(50-100),very_high(1000+),low,33,False,False,False,False,0,False
10,150.0,418.41,844.9,794,15.0,41.841,84.49,2.7894,794,1,0,0,long(7-10),low(<50),medium(100-500),low,90,False,False,False,False,0,False
10,783.0,158.93,993.55,795,78.3,15.893,99.35499999999999,0.2029757343550447,795,1,0,0,long(7-10),medium(50-100),medium(100-500),low,55,False,False,False,False,0,False
6,372.0,2494.69,1742.34,796,62.0,415.7816666666667,290.39,6.7061559139784945,796,2,0,1,medium(4-6),medium(50-100),very_high(1000+),low,34,False,False,False,False,0,False
10,958.0,1643.76,1827.18,797,95.8,164.376,182.71800000000002,1.7158246346555324,797,0,0,0,long(7-10),medium(50-100),very_high(1000+),low,18,False,False,False,False,0,False
8,34.0,1225.2,1438.52,798,4.25,153.15,179.815,36.03529411764706,798,1,0,0,long(7-10),low(<50),very_high(1000+),low,52,False,False,False,False,0,False
7,151.0,2461.93,1516.58,799,21.571428571428573,351.7042857142857,216.6542857142857,16.304172185430463,799,2,0,1,long(7-10),low(<50),very_high(1000+),low,58,False,False,False,False,0,False
7,150.0,1379.35,1500.09,800,21.428571428571427,197.04999999999998,214.29857142857142,9.195666666666666,800,1,0,1,long(7-10),low(<50),very_high(1000+),low,9,False,False,False,False,0,False
6,751.0,2085.98,1757.81,801,125.16666666666667,347.66333333333336,292.9683333333333,2.777603195739015,801,2,0,1,medium(4-6),high(100-200),very_high(1000+),low,81,False,False,False,False,0,False
7,568.0,159.12,738.92,802,81.14285714285714,22.731428571428573,105.55999999999999,0.28014084507042253,802,1,0,1,long(7-10),medium(50-100),medium(100-500),low,92,False,False,False,False,0,False
12,574.0,2240.9,1785.72,803,47.833333333333336,186.74166666666667,148.81,3.904006968641115,803,0,0,0,very_long(11+),low(<50),very_high(1000+),low,72,False,False,False,False,0,False
13,36.0,808.38,1190.16,804,2.769230769230769,62.183076923076925,91.55076923076923,22.455,804,1,0,0,very_long(11+),low(<50),high(500-1000),low,16,False,False,False,False,0,False
14,595.0,1818.77,1889.9,805,42.5,129.91214285714287,134.99285714285716,3.0567563025210083,805,0,0,0,very_long(11+),low(<50),very_high(1000+),low,90,False,False,False,False,0,False
7,381.0,2342.27,1705.24,806,54.42857142857143,334.61,243.6057142857143,6.14769028871391,806,2,0,1,long(7-10),medium(50-100),very_high(1000+),low,24,False,False,False,False,0,False
14,174.0,815.3,1295.14,807,12.428571428571429,58.23571428571428,92.51,4.685632183908046,807,1,0,0,very_long(11+),low(<50),high(500-1000),low,14,False,False,False,False,0,False
11,226.0,2013.45,1590.82,808,20.545454545454547,183.04090909090908,144.62,8.909070796460178,808,0,0,0,very_long(11+),low(<50),very_high(1000+),low,82,False,False,False,False,0,False
13,137.0,1505.66,1777.72,809,10.538461538461538,115.82000000000001,136.74769230769232,10.99021897810219,809,0,0,0,very_long(11+),low(<50),very_high(1000+),low,72,False,False,False,False,0,False
13,774.0,206.45,1110.0,810,59.53846153846154,15.88076923076923,85.38461538461539,0.2667312661498708,810,1,0,0,very_long(11+),medium(50-100),medium(100-500),low,0,False,False,False,False,0,False
5,1120.0,1514.91,1658.97,811,224.0,302.982,331.794,1.3525982142857143,811,0,0,1,medium(4-6),very_high(200+),very_high(1000+),high,97,False,False,False,False,0,False
4,862.0,2335.55,1698.94,812,215.5,583.8875,424.735,2.7094547563805107,812,2,0,2,medium(4-6),very_high(200+),very_high(1000+),optimal,94,False,False,False,False,0,False
8,829.0,1147.89,2004.34,813,103.625,143.48625,250.5425,1.3846682750301569,813,0,0,1,long(7-10),high(100-200),very_high(1000+),low,34,False,False,False,False,0,False
4,380.0,446.66,764.24,814,95.0,111.665,191.06,1.175421052631579,814,1,0,1,medium(4-6),medium(50-100),medium(100-500),low,24,False,False,False,False,0,False
9,238.0,1197.83,1560.78,815,26.444444444444443,133.0922222222222,173.42,5.032899159663865,815,1,0,0,long(7-10),low(<50),very_high(1000+),low,78,False,False,False,False,0,False
13,1199.0,493.0,1634.13,816,92.23076923076923,37.92307692307692,125.7023076923077,0.41117597998331945,816,0,0,0,very_long(11+),medium(50-100),medium(100-500),low,13,False,False,False,False,0,False
12,710.0,1249.41,1921.09,817,59.166666666666664,104.1175,160.09083333333334,1.7597323943661973,817,0,0,0,very_long(11+),medium(50-100),very_high(1000+),low,9,False,False,False,False,0,False
14,719.0,1973.14,1980.99,818,51.357142857142854,140.93857142857144,141.49928571428572,2.7442837273991656,818,0,0,0,very_long(11+),medium(50-100),very_high(1000+),low,99,False,False,False,False,0,False
1,482.0,1697.08,1198.24,819,482.0,1697.08,1198.24,3.520912863070539,819,3,-1,3,short(1-3),very_high(200+),very_high(1000+),high,24,False,False,True,False,1,False
9,444.0,725.31,1062.52,820,49.333333333333336,80.58999999999999,118.05777777777777,1.633581081081081,820,1,0,0,long(7-10),low(<50),high(500-1000),low,52,False,False,False,False,0,False
11,610.0,1990.79,1753.56,821,55.45454545454545,180.98090909090908,159.41454545454545,3.2635901639344262,821,0,0,0,very_long(11+),medium(50-100),very_high(1000+),low,56,False,False,False,False,0,False
4,238.0,1707.28,1483.48,822,59.5,426.82,370.87,7.173445378151261,822,2,0,2,medium(4-6),medium(50-100),very_high(1000+),low,48,False,False,False,False,0,False
2,299.0,1612.7,1282.8,823,149.5,806.35,641.4,5.3936454849498325,823,2,-1,2,short(1-3),high(100-200),very_high(1000+),low,80,False,False,False,False,0,False
10,273.0,799.9,1155.05,824,27.3,79.99,115.505,2.93003663003663,824,1,0,0,long(7-10),low(<50),high(500-1000),low,5,False,False,False,False,0,False
3,154.0,274.04,406.91,825,51.333333333333336,91.34666666666668,135.63666666666668,1.7794805194805197,825,1,0,2,short(1-3),medium(50-100),medium(100-500),low,91,False,False,False,False,0,False
7,636.0,697.02,1276.06,826,90.85714285714286,99.57428571428571,182.2942857142857,1.0959433962264151,826,1,0,1,long(7-10),medium(50-100),high(500-1000),low,6,False,False,False,False,0,False
2,1038.0,685.07,962.14,827,519.0,342.535,481.07,0.659990366088632,827,2,-1,2,short(1-3),very_high(200+),high(500-1000),high,14,False,False,False,True,1,False
2,798.0,2334.41,1485.4,828,399.0,1167.205,742.7,2.9253258145363406,828,3,-1,2,short(1-3),very_high(200+),very_high(1000+),high,40,False,False,False,False,0,False
12,601.0,2166.56,1918.46,829,50.083333333333336,180.54666666666665,159.87166666666667,3.6049251247920133,829,0,0,0,very_long(11+),medium(50-100),very_high(1000+),low,46,False,False,False,False,0,False
6,290.0,814.04,1077.35,830,48.333333333333336,135.67333333333332,179.5583333333333,2.8070344827586204,830,1,0,1,medium(4-6),low(<50),high(500-1000),low,34,False,False,False,False,0,False
8,16.0,259.02,543.56,831,2.0,32.3775,67.945,16.18875,831,1,0,0,long(7-10),low(<50),medium(100-500),low,55,False,False,False,False,0,False
8,303.0,1072.44,1453.25,832,37.875,134.055,181.65625,3.5394059405940594,832,1,0,0,long(7-10),low(<50),very_high(1000+),low,25,False,False,False,False,0,False
11,372.0,2048.26,1632.61,833,33.81818181818182,186.20545454545456,148.4190909090909,5.506075268817205,833,0,0,0,very_long(11+),low(<50),very_high(1000+),low,61,False,False,False,False,0,False
3,864.0,2338.52,1513.04,834,288.0,779.5066666666667,504.34666666666664,2.7066203703703704,834,2,-1,2,short(1-3),very_high(200+),very_high(1000+),high,4,False,False,False,False,0,False
11,913.0,2253.41,1758.56,835,83.0,204.85545454545453,159.86909090909091,2.4681380065717415,835,0,0,0,very_long(11+),medium(50-100),very_high(1000+),low,56,False,False,False,False,0,False
14,805.0,834.06,1683.49,836,57.5,59.575714285714284,120.24928571428572,1.0360993788819874,836,0,0,0,very_long(11+),medium(50-100),high(500-1000),low,49,False,False,False,False,0,False
5,905.0,2317.31,1691.38,837,181.0,463.462,338.276,2.5605635359116024,837,2,0,1,medium(4-6),high(100-200),very_high(1000+),optimal,38,False,False,False,False,0,False
10,728.0,226.53,1060.47,838,72.8,22.653,106.047,0.3111675824175824,838,1,0,0,long(7-10),medium(50-100),medium(100-500),low,47,False,False,False,False,0,False
4,842.0,893.25,1324.64,839,210.5,223.3125,331.16,1.0608669833729216,839,1,0,2,medium(4-6),very_high(200+),high(500-1000),optimal,64,False,False,False,False,0,False
5,117.0,953.06,1116.8,840,23.4,190.612,223.35999999999999,8.145811965811966,840,1,0,1,medium(4-6),low(<50),high(500-1000),low,80,False,False,False,False,0,False
12,307.0,957.17,1432.75,841,25.583333333333332,79.76416666666667,119.39583333333333,3.117817589576547,841,1,0,0,very_long(11+),low(<50),high(500-1000),low,75,False,False,False,False,0,False
9,51.0,314.81,704.94,842,5.666666666666667,34.97888888888889,78.32666666666667,6.172745098039216,842,1,0,0,long(7-10),low(<50),medium(100-500),low,94,False,False,False,False,0,False
7,1071.0,841.11,1699.9,843,153.0,120.15857142857143,242.84285714285716,0.7853501400560224,843,0,0,1,long(7-10),high(100-200),high(500-1000),low,90,False,False,False,False,0,False
13,922.0,1510.22,1967.87,844,70.92307692307692,116.17076923076924,151.37461538461537,1.6379826464208243,844,0,0,0,very_long(11+),medium(50-100),very_high(1000+),low,87,False,False,False,False,0,False
8,867.0,2373.39,1747.22,845,108.375,296.67375,218.4025,2.7374740484429063,845,0,0,1,long(7-10),high(100-200),very_high(1000+),low,22,False,False,False,False,0,False
11,1013.0,1483.3,1952.8,846,92.0909090909091,134.84545454545454,177.52727272727273,1.46426456071076,846,0,0,0,very_long(11+),medium(50-100),very_high(1000+),low,80,False,False,False,False,0,False
6,1148.0,1525.81,1776.48,847,191.33333333333334,254.30166666666665,296.08,1.329102787456446,847,0,0,1,medium(4-6),high(100-200),very_high(1000+),optimal,48,False,False,False,False,0,False
12,158.0,2195.67,1625.46,848,13.166666666666666,182.9725,135.455,13.896645569620254,848,0,0,0,very_long(11+),low(<50),very_high(1000+),low,46,False,False,False,False,0,False
5,1010.0,2054.21,1810.37,849,202.0,410.842,362.07399999999996,2.033871287128713,849,2,0,1,medium(4-6),very_high(200+),very_high(1000+),optimal,37,False,False,False,False,0,False
1,682.0,1517.04,1376.04,850,682.0,1517.04,1376.04,2.224398826979472,850,3,3,3,short(1-3),very_high(200+),very_high(1000+),high,4,False,False,False,False,0,False
5,14.0,78.33,406.7,851,2.8,15.666,81.34,5.595,851,1,0,1,medium(4-6),low(<50),low(<100),low,70,False,False,False,False,0,False
6,1203.0,1900.48,1972.88,852,200.5,316.74666666666667,328.81333333333333,1.5797838736492102,852,0,0,1,medium(4-6),very_high(200+),very_high(1000+),optimal,88,False,False,False,False,0,False
4,810.0,1852.31,1575.87,853,202.5,463.0775,393.9675,2.2868024691358024,853,2,0,2,medium(4-6),very_high(200+),very_high(1000+),optimal,87,False,False,False,False,0,False
3,760.0,2073.25,1522.45,854,253.33333333333334,691.0833333333334,507.48333333333335,2.7279605263157896,854,2,-1,2,short(1-3),very_high(200+),very_high(1000+),high,45,False,False,False,False,0,False
7,868.0,625.09,1403.48,855,124.0,89.29857142857144,200.49714285714285,0.7201497695852535,855,1,0,1,long(7-10),high(100-200),high(500-1000),low,48,False,False,False,False,0,False
7,205.0,103.31,683.1,856,29.285714285714285,14.758571428571429,97.58571428571429,0.5039512195121951,856,1,0,1,long(7-10),low(<50),medium(100-500),low,10,False,False,False,False,0,False
5,387.0,1882.35,1588.8,857,77.4,376.46999999999997,317.76,4.8639534883720925,857,2,0,1,medium(4-6),medium(50-100),very_high(1000+),low,80,False,False,False,False,0,False
11,447.0,130.07,852.02,858,40.63636363636363,11.824545454545454,77.45636363636363,0.2909843400447427,858,1,0,0,very_long(11+),low(<50),medium(100-500),low,2,False,False,False,False,0,False
9,482.0,1348.44,1633.26,859,53.55555555555556,149.82666666666668,181.47333333333333,2.7975933609958505,859,0,0,0,long(7-10),medium(50-100),very_high(1000+),low,26,False,False,False,False,0,False
7,15.0,2436.67,1459.63,860,2.142857142857143,348.0957142857143,208.51857142857145,162.44466666666668,860,2,0,1,long(7-10),low(<50),very_high(1000+),low,63,False,False,False,False,0,False
10,955.0,1182.33,1950.3,861,95.5,118.23299999999999,195.03,1.2380418848167538,861,0,0,0,long(7-10),medium(50-100),very_high(1000+),low,30,False,False,False,False,0,False
5,41.0,2314.68,1500.28,862,8.2,462.936,300.056,56.45560975609756,862,2,0,1,medium(4-6),low(<50),very_high(1000+),low,28,False,False,False,False,0,False
2,1189.0,1164.74,1666.52,863,594.5,582.37,833.26,0.97959629941127,863,3,-1,2,short(1-3),very_high(200+),very_high(1000+),high,52,False,False,False,True,1,False
2,762.0,519.74,752.69,864,381.0,259.87,376.345,0.6820734908136483,864,1,1,2,short(1-3),very_high(200+),high(500-1000),high,69,False,False,False,False,0,False
10,895.0,937.46,1714.8,865,89.5,93.74600000000001,171.48,1.047441340782123,865,0,0,0,long(7-10),medium(50-100),high(500-1000),low,80,False,False,False,False,0,False
13,858.0,2258.01,1889.71,866,66.0,173.69307692307694,145.3623076923077,2.631713286713287,866,0,0,0,very_long(11+),medium(50-100),very_high(1000+),low,71,False,False,False,False,0,False
11,650.0,524.8,1179.09,867,59.09090909090909,47.709090909090904,107.19,0.8073846153846154,867,1,0,0,very_long(11+),medium(50-100),high(500-1000),low,8,False,False,False,False,0,False
4,198.0,2106.63,1450.67,868,49.5,526.6575,362.6675,10.639545454545456,868,2,0,2,medium(4-6),low(<50),very_high(1000+),low,67,False,False,False,False,0,False
1,791.0,1927.75,1419.88,869,791.0,1927.75,1419.88,2.437104930467762,869,3,-1,3,short(1-3),very_high(200+),very_high(1000+),high,88,False,False,True,False,1,False
14,1020.0,1201.75,2337.73,870,72.85714285714286,85.83928571428571,166.9807142857143,1.178186274509804,870,0,0,0,very_long(11+),medium(50-100),very_high(1000+),low,73,False,False,False,False,0,False
12,59.0,2247.39,1629.92,871,4.916666666666667,187.2825,135.82666666666668,38.091355932203385,871,0,0,0,very_long(11+),low(<50),very_high(1000+),low,92,False,False,False,False,0,False
8,626.0,545.84,1142.89,872,78.25,68.23,142.86125,0.8719488817891374,872,1,0,0,long(7-10),medium(50-100),high(500-1000),low,89,False,False,False,False,0,False
5,57.0,559.05,639.73,873,11.4,111.80999999999999,127.946,9.807894736842105,873,1,0,1,medium(4-6),low(<50),high(500-1000),low,73,False,False,False,False,0,False
5,908.0,716.7,1375.88,874,181.6,143.34,275.17600000000004,0.7893171806167402,874,1,0,1,medium(4-6),high(100-200),high(500-1000),optimal,88,False,False,False,False,0,False
13,8.0,78.44,713.71,875,0.6153846153846154,6.033846153846154,54.900769230769235,9.805,875,1,4,0,very_long(11+),low(<50),low(<100),low,71,False,False,False,True,1,False
11,684.0,672.51,1487.93,876,62.18181818181818,61.13727272727272,135.26636363636365,0.9832017543859649,876,1,0,0,very_long(11+),medium(50-100),high(500-1000),low,93,False,False,False,False,0,False
4,180.0,2365.46,1443.02,877,45.0,591.365,360.755,13.141444444444444,877,2,0,2,medium(4-6),low(<50),very_high(1000+),low,2,False,False,False,False,0,False
13,511.0,1628.33,1915.79,878,39.30769230769231,125.25615384615384,147.36846153846153,3.186555772994129,878,0,0,0,very_long(11+),low(<50),very_high(1000+),low,79,False,False,False,False,0,False
4,231.0,20.39,499.26,879,57.75,5.0975,124.815,0.08826839826839827,879,1,0,1,medium(4-6),medium(50-100),low(<100),low,26,False,False,False,False,0,False
9,1139.0,1973.31,1759.33,880,126.55555555555556,219.25666666666666,195.4811111111111,1.7324934152765583,880,0,0,1,long(7-10),high(100-200),very_high(1000+),low,33,False,False,False,False,0,False
9,578.0,1167.71,1587.21,881,64.22222222222223,129.74555555555557,176.35666666666668,2.020259515570934,881,0,0,0,long(7-10),medium(50-100),very_high(1000+),low,21,False,False,False,False,0,False
14,530.0,2028.06,2079.14,882,37.857142857142854,144.86142857142858,148.51,3.826528301886792,882,0,0,0,very_long(11+),low(<50),very_high(1000+),low,14,False,False,False,False,0,False
7,316.0,141.89,837.8,883,45.142857142857146,20.27,119.68571428571428,0.4490189873417721,883,1,0,1,long(7-10),low(<50),medium(100-500),low,80,False,False,False,False,0,False
2,897.0,2382.39,1437.95,884,448.5,1191.195,718.975,2.655953177257525,884,3,-1,2,short(1-3),very_high(200+),very_high(1000+),high,95,False,False,False,True,1,False
12,121.0,608.92,1033.44,885,10.083333333333334,50.74333333333333,86.12,5.032396694214876,885,1,0,0,very_long(11+),low(<50),high(500-1000),low,44,False,False,False,False,0,False
4,764.0,1417.94,1682.1,886,191.0,354.485,420.525,1.8559424083769633,886,2,0,2,medium(4-6),high(100-200),very_high(1000+),optimal,10,False,False,False,False,0,False
11,663.0,2141.08,1715.29,887,60.27272727272727,194.64363636363635,155.93545454545455,3.2293815987933634,887,0,0,0,very_long(11+),medium(50-100),very_high(1000+),low,29,False,False,False,False,0,False
3,91.0,1640.15,1338.3,888,30.333333333333332,546.7166666666667,446.09999999999997,18.023626373626374,888,2,0,2,short(1-3),low(<50),very_high(1000+),low,30,False,False,False,False,0,False
1,1035.0,1289.84,1317.33,889,1035.0,1289.84,1317.33,1.2462222222222221,889,3,-1,3,short(1-3),,very_high(1000+),,33,False,False,True,False,1,False
7,125.0,193.62,616.24,890,17.857142857142858,27.66,88.03428571428572,1.5489600000000001,890,1,0,1,long(7-10),low(<50),medium(100-500),low,24,False,False,False,False,0,False
12,437.0,639.96,1183.74,891,36.416666666666664,53.330000000000005,98.645,1.4644393592677347,891,1,0,0,very_long(11+),low(<50),high(500-1000),low,74,False,False,False,False,0,False
4,84.0,2243.12,1392.1,892,21.0,560.78,348.025,26.70380952380952,892,2,0,2,medium(4-6),low(<50),very_high(1000+),low,10,False,False,False,False,0,False
5,716.0,1316.6,1686.98,893,143.2,263.32,337.396,1.8388268156424579,893,2,0,1,medium(4-6),high(100-200),very_high(1000+),low,98,False,False,False,False,0,False
12,18.0,2461.37,1556.78,894,1.5,205.11416666666665,129.73166666666665,136.74277777777777,894,0,0,0,very_long(11+),low(<50),very_high(1000+),low,78,False,False,False,False,0,False
3,560.0,1664.15,1419.48,895,186.66666666666666,554.7166666666667,473.16,2.9716964285714287,895,2,-1,2,short(1-3),high(100-200),very_high(1000+),optimal,48,False,False,False,False,0,False
3,504.0,63.39,568.17,896,168.0,21.13,189.39,0.12577380952380954,896,1,0,2,short(1-3),high(100-200),low(<100),low,16,False,False,False,True,1,False
5,1126.0,664.9,1336.74,897,225.2,132.98,267.348,0.5904973357015986,897,1,0,1,medium(4-6),very_high(200+),high(500-1000),high,74,False,False,False,False,0,False
1,1092.0,390.55,589.11,898,1092.0,390.55,589.11,0.35764652014652015,898,3,-1,3,short(1-3),,medium(100-500),,11,False,False,True,True,2,True
11,273.0,502.37,862.61,899,24.818181818181817,45.67,78.41909090909091,1.8401831501831503,899,1,0,0,very_long(11+),low(<50),high(500-1000),low,61,False,False,False,False,0,False
4,6.0,458.7,459.21,900,1.5,114.675,114.8025,76.45,900,1,0,1,medium(4-6),low(<50),medium(100-500),low,21,False,False,False,False,0,False
1,620.0,490.45,678.74,901,620.0,490.45,678.74,0.7910483870967742,901,3,-1,3,short(1-3),very_high(200+),medium(100-500),high,74,False,False,False,True,1,False
5,659.0,2083.15,1645.06,902,131.8,416.63,329.012,3.1610773899848255,902,2,0,1,medium(4-6),high(100-200),very_high(1000+),low,6,False,False,False,False,0,False
12,353.0,2150.17,1765.67,903,29.416666666666668,179.18083333333334,147.13916666666668,6.091133144475921,903,0,0,0,very_long(11+),low(<50),very_high(1000+),low,67,False,False,False,False,0,False
13,618.0,1982.27,2000.39,904,47.53846153846154,152.4823076923077,153.87615384615384,3.2075566343042072,904,0,0,0,very_long(11+),low(<50),very_high(1000+),low,39,False,False,False,False,0,False
2,1158.0,2355.92,1528.91,905,579.0,1177.96,764.455,2.0344732297063906,905,3,-1,2,short(1-3),very_high(200+),very_high(1000+),high,91,False,False,True,True,2,True
3,512.0,1251.6,1360.76,906,170.66666666666666,417.2,453.58666666666664,2.44453125,906,2,-1,2,short(1-3),high(100-200),very_high(1000+),low,76,False,False,False,False,0,False
5,840.0,941.55,1676.48,907,168.0,188.31,335.296,1.1208928571428571,907,1,0,1,medium(4-6),high(100-200),high(500-1000),low,48,False,False,False,False,0,False
7,1086.0,2319.81,1858.36,908,155.14285714285714,331.40142857142854,265.47999999999996,2.1361049723756906,908,0,0,1,long(7-10),high(100-200),very_high(1000+),low,36,False,False,False,False,0,False
13,1152.0,864.45,1797.14,909,88.61538461538461,66.49615384615385,138.24153846153848,0.7503906250000001,909,0,0,0,very_long(11+),medium(50-100),high(500-1000),low,14,False,False,False,False,0,False
4,840.0,1375.42,1580.95,910,210.0,343.855,395.2375,1.637404761904762,910,2,0,2,medium(4-6),very_high(200+),very_high(1000+),optimal,95,False,False,False,False,0,False
4,724.0,89.99,667.98,911,181.0,22.4975,166.995,0.12429558011049723,911,1,0,2,medium(4-6),high(100-200),low(<100),optimal,98,False,False,False,True,1,False
3,327.0,2141.92,1438.41,912,109.0,713.9733333333334,479.47,6.550214067278287,912,2,0,2,short(1-3),high(100-200),very_high(1000+),low,41,False,False,False,False,0,False
13,1055.0,2005.84,1997.52,913,81.15384615384616,154.29538461538462,153.6553846153846,1.9012701421800946,913,0,0,0,very_long(11+),medium(50-100),very_high(1000+),low,52,False,False,False,False,0,False
1,931.0,327.97,609.73,914,931.0,327.97,609.73,0.3522771213748658,914,3,-1,3,short(1-3),very_high(200+),medium(100-500),high,73,False,False,True,True,2,True
10,108.0,2181.67,1632.42,915,10.8,218.167,163.24200000000002,20.200648148148147,915,0,0,0,long(7-10),low(<50),very_high(1000+),low,42,False,False,False,False,0,False
13,1204.0,24.47,1344.17,916,92.61538461538461,1.8823076923076922,103.39769230769231,0.02032392026578073,916,0,0,0,very_long(11+),medium(50-100),low(<100),low,17,False,False,False,False,0,False
5,517.0,919.25,1288.31,917,103.4,183.85,257.662,1.7780464216634428,917,1,0,1,medium(4-6),high(100-200),high(500-1000),low,31,False,False,False,False,0,False
8,897.0,1536.36,1944.62,918,112.125,192.045,243.0775,1.7127759197324413,918,0,0,1,long(7-10),high(100-200),very_high(1000+),low,62,False,False,False,False,0,False
12,988.0,2492.79,1753.84,919,82.33333333333333,207.7325,146.15333333333334,2.523066801619433,919,0,0,0,very_long(11+),medium(50-100),very_high(1000+),low,84,False,False,False,False,0,False
1,1041.0,1630.25,1466.95,920,1041.0,1630.25,1466.95,1.5660422670509127,920,3,-1,3,short(1-3),,very_high(1000+),,95,False,False,True,False,1,False
10,454.0,2359.42,1619.0,921,45.4,235.942,161.9,5.1969603524229075,921,0,0,0,long(7-10),low(<50),very_high(1000+),low,0,False,False,False,False,0,False
5,406.0,1084.16,1399.39,922,81.2,216.83200000000002,279.87800000000004,2.670344827586207,922,1,0,1,medium(4-6),medium(50-100),very_high(1000+),low,39,False,False,False,False,0,False
4,103.0,1790.07,1394.55,923,25.75,447.5175,348.6375,17.379320388349512,923,2,0,2,medium(4-6),low(<50),very_high(1000+),low,55,False,False,False,False,0,False
11,198.0,269.95,695.66,924,18.0,24.54090909090909,63.24181818181818,1.3633838383838384,924,1,0,0,very_long(11+),low(<50),medium(100-500),low,66,False,False,False,False,0,False
4,477.0,18.97,631.5,925,119.25,4.7425,157.875,0.039769392033542975,925,1,0,1,medium(4-6),high(100-200),low(<100),low,50,False,False,False,False,0,False
11,67.0,2455.53,1572.91,926,6.090909090909091,223.23000000000002,142.9918181818182,36.64970149253732,926,0,0,0,very_long(11+),low(<50),very_high(1000+),low,91,False,False,False,False,0,False
7,789.0,185.73,966.26,927,112.71428571428571,26.532857142857143,138.03714285714287,0.2353992395437262,927,1,0,1,long(7-10),high(100-200),medium(100-500),low,26,False,False,False,False,0,False
13,70.0,993.7,1492.02,928,5.384615384615385,76.43846153846154,114.77076923076923,14.195714285714287,928,1,0,0,very_long(11+),low(<50),high(500-1000),low,2,False,False,False,False,0,False
12,59.0,858.62,1377.35,929,4.916666666666667,71.55166666666666,114.77916666666665,14.552881355932204,929,1,0,0,very_long(11+),low(<50),high(500-1000),low,35,False,False,False,False,0,False
3,1027.0,180.0,804.96,930,342.3333333333333,60.0,268.32,0.17526777020447906,930,1,0,2,short(1-3),very_high(200+),medium(100-500),high,96,False,False,False,False,0,False
3,275.0,543.74,572.73,931,91.66666666666667,181.24666666666667,190.91,1.9772363636363637,931,1,0,1,short(1-3),medium(50-100),high(500-1000),low,73,False,False,False,False,0,False
12,180.0,384.42,873.97,932,15.0,32.035000000000004,72.83083333333333,2.135666666666667,932,1,0,0,very_long(11+),low(<50),medium(100-500),low,97,False,False,False,False,0,False
3,334.0,2449.89,1472.53,933,111.33333333333333,816.63,490.8433333333333,7.335,933,2,-1,2,short(1-3),high(100-200),very_high(1000+),low,53,False,False,False,False,0,False
7,759.0,1694.02,1960.92,934,108.42857142857143,242.00285714285715,280.13142857142856,2.2319104084321477,934,0,0,1,long(7-10),high(100-200),very_high(1000+),low,92,False,False,False,False,0,False
10,174.0,1991.96,1542.4,935,17.4,199.196,154.24,11.448045977011494,935,0,0,0,long(7-10),low(<50),very_high(1000+),low,40,False,False,False,False,0,False
1,780.0,366.37,516.69,936,780.0,366.37,516.69,0.4697051282051282,936,3,-1,3,short(1-3),very_high(200+),medium(100-500),high,69,False,False,True,True,2,True
9,934.0,415.5,1208.82,937,103.77777777777777,46.166666666666664,134.31333333333333,0.44486081370449676,937,1,0,0,long(7-10),high(100-200),medium(100-500),low,82,False,False,False,False,0,False
8,936.0,556.28,1277.26,938,117.0,69.535,159.6575,0.5943162393162393,938,1,0,1,long(7-10),high(100-200),high(500-1000),low,26,False,False,False,False,0,False
1,1002.0,2320.13,1475.4,939,1002.0,2320.13,1475.4,2.315499001996008,939,3,-1,3,short(1-3),,very_high(1000+),,40,False,False,True,False,1,False
7,83.0,137.84,482.65,940,11.857142857142858,19.69142857142857,68.95,1.660722891566265,940,1,0,1,long(7-10),low(<50),medium(100-500),low,65,False,False,False,False,0,False
9,191.0,789.52,1058.5,941,21.22222222222222,87.72444444444444,117.61111111111111,4.133612565445026,941,1,0,0,long(7-10),low(<50),high(500-1000),low,50,False,False,False,False,0,False
3,280.0,1090.37,1256.92,942,93.33333333333333,363.45666666666665,418.97333333333336,3.894178571428571,942,2,0,2,short(1-3),medium(50-100),very_high(1000+),low,92,False,False,False,False,0,False
5,644.0,2383.17,1785.53,943,128.8,476.634,357.106,3.7005745341614906,943,2,0,1,medium(4-6),high(100-200),very_high(1000+),low,53,False,False,False,False,0,False
10,498.0,992.86,1395.03,944,49.8,99.286,139.503,1.9936947791164659,944,1,0,0,long(7-10),low(<50),high(500-1000),low,3,False,False,False,False,0,False
4,317.0,1793.28,1518.93,945,79.25,448.32,379.7325,5.6570347003154575,945,2,0,2,medium(4-6),medium(50-100),very_high(1000+),low,93,False,False,False,False,0,False
4,1100.0,370.61,860.32,946,275.0,92.6525,215.08,0.33691818181818184,946,1,0,2,medium(4-6),very_high(200+),medium(100-500),high,32,False,False,False,False,0,False
4,263.0,2469.06,1503.98,947,65.75,617.265,375.995,9.388060836501902,947,2,0,2,medium(4-6),medium(50-100),very_high(1000+),low,98,False,False,False,False,0,False
4,932.0,1287.34,1513.28,948,233.0,321.835,378.32,1.3812660944206008,948,2,0,2,medium(4-6),very_high(200+),very_high(1000+),high,28,False,False,False,False,0,False
14,343.0,2013.4,1839.05,949,24.5,143.81428571428572,131.3607142857143,5.86997084548105,949,0,0,0,very_long(11+),low(<50),very_high(1000+),low,5,False,False,False,False,0,False
2,274.0,888.24,917.79,950,137.0,444.12,458.895,3.241751824817518,950,2,0,2,short(1-3),high(100-200),high(500-1000),low,79,False,False,False,False,0,False
1,759.0,330.29,500.92,951,759.0,330.29,500.92,0.4351646903820817,951,3,-1,3,short(1-3),very_high(200+),medium(100-500),high,92,False,False,True,True,2,True
8,204.0,2178.45,1506.38,952,25.5,272.30625,188.2975,10.678676470588234,952,2,0,1,long(7-10),low(<50),very_high(1000+),low,38,False,False,False,False,0,False
10,396.0,2068.65,1556.68,953,39.6,206.865,155.668,5.223863636363636,953,0,0,0,long(7-10),low(<50),very_high(1000+),low,68,False,False,False,False,0,False
6,840.0,870.82,1496.46,954,140.0,145.13666666666668,249.41,1.0366904761904763,954,1,0,1,medium(4-6),high(100-200),high(500-1000),low,46,False,False,False,False,0,False
7,756.0,1473.59,1961.96,955,108.0,210.51285714285714,280.28000000000003,1.9491931216931215,955,0,0,1,long(7-10),high(100-200),very_high(1000+),low,96,False,False,False,False,0,False
4,1048.0,279.75,780.15,956,262.0,69.9375,195.0375,0.2669370229007634,956,1,0,2,medium(4-6),very_high(200+),medium(100-500),high,15,False,False,False,False,0,False
9,800.0,39.96,1158.68,957,88.88888888888889,4.44,128.74222222222224,0.04995,957,1,0,0,long(7-10),medium(50-100),low(<100),low,68,False,False,False,False,0,False
3,240.0,1895.67,1386.33,958,80.0,631.89,462.10999999999996,7.898625,958,2,0,2,short(1-3),medium(50-100),very_high(1000+),low,33,False,False,False,False,0,False
13,997.0,920.48,2124.16,959,76.6923076923077,70.80615384615385,163.39692307692306,0.9232497492477433,959,0,0,0,very_long(11+),medium(50-100),high(500-1000),low,16,False,False,False,False,0,False
2,826.0,2163.39,1523.26,960,413.0,1081.695,761.63,2.61911622276029,960,3,-1,2,short(1-3),very_high(200+),very_high(1000+),high,26,False,False,False,False,0,False
6,194.0,914.25,1168.72,961,32.333333333333336,152.375,194.78666666666666,4.712628865979381,961,1,0,1,medium(4-6),low(<50),high(500-1000),low,72,False,False,False,False,0,False
4,333.0,1934.76,1467.52,962,83.25,483.69,366.88,5.81009009009009,962,2,0,2,medium(4-6),medium(50-100),very_high(1000+),low,52,False,False,False,False,0,False
8,1053.0,1864.01,1794.57,963,131.625,233.00125,224.32125,1.770189933523267,963,0,0,1,long(7-10),high(100-200),very_high(1000+),low,57,False,False,False,False,0,False
12,466.0,1291.33,1770.37,964,38.833333333333336,107.61083333333333,147.53083333333333,2.7710944206008583,964,0,0,0,very_long(11+),low(<50),very_high(1000+),low,37,False,False,False,False,0,False
8,916.0,2417.62,1755.05,965,114.5,302.2025,219.38125,2.6393231441048033,965,0,0,1,long(7-10),high(100-200),very_high(1000+),low,5,False,False,False,False,0,False
11,322.0,1251.3,1732.46,966,29.272727272727273,113.75454545454545,157.49636363636364,3.8860248447204966,966,0,0,0,very_long(11+),low(<50),very_high(1000+),low,46,False,False,False,False,0,False
13,11.0,1114.96,1555.48,967,0.8461538461538461,85.76615384615386,119.65230769230769,101.36,967,1,0,0,very_long(11+),low(<50),very_high(1000+),low,48,False,False,False,False,0,False
7,250.0,364.79,718.71,968,35.714285714285715,52.112857142857145,102.67285714285715,1.45916,968,1,0,0,long(7-10),low(<50),medium(100-500),low,71,False,False,False,False,0,False
5,247.0,296.51,594.93,969,49.4,59.302,118.98599999999999,1.2004453441295546,969,1,0,1,medium(4-6),low(<50),medium(100-500),low,92,False,False,False,False,0,False
14,1158.0,2104.61,1899.69,970,82.71428571428571,150.32928571428573,135.69214285714287,1.8174525043177894,970,0,0,0,very_long(11+),medium(50-100),very_high(1000+),low,69,False,False,False,False,0,False
11,1095.0,1071.83,2159.33,971,99.54545454545455,97.43909090909091,196.30272727272725,0.9788401826484018,971,0,0,0,very_long(11+),medium(50-100),very_high(1000+),low,33,False,False,False,False,0,False
11,1149.0,270.81,1284.51,972,104.45454545454545,24.61909090909091,116.77363636363636,0.23569190600522194,972,0,0,0,very_long(11+),high(100-200),medium(100-500),low,51,False,False,False,False,0,False
9,14.0,1057.38,1372.31,973,1.5555555555555556,117.48666666666668,152.4788888888889,75.52714285714286,973,1,0,0,long(7-10),low(<50),very_high(1000+),low,31,False,False,False,False,0,False
4,184.0,983.77,1202.69,974,46.0,245.9425,300.6725,5.346576086956522,974,1,0,1,medium(4-6),low(<50),high(500-1000),low,69,False,False,False,False,0,False
6,135.0,2488.22,1561.2,975,22.5,414.7033333333333,260.2,18.431259259259257,975,2,0,1,medium(4-6),low(<50),very_high(1000+),low,20,False,False,False,False,0,False
5,717.0,1508.97,1722.49,976,143.4,301.794,344.498,2.104560669456067,976,2,0,1,medium(4-6),high(100-200),very_high(1000+),low,49,False,False,False,False,0,False
1,389.0,1964.96,1228.94,977,389.0,1964.96,1228.94,5.051311053984576,977,3,-1,3,short(1-3),very_high(200+),very_high(1000+),high,94,False,False,True,True,2,True
3,1136.0,1296.54,1536.6,978,378.6666666666667,432.18,512.1999999999999,1.1413204225352112,978,2,-1,2,short(1-3),very_high(200+),very_high(1000+),high,60,False,False,False,True,1,False
13,145.0,2202.42,1716.13,979,11.153846153846153,169.41692307692307,132.01000000000002,15.189103448275862,979,0,0,0,very_long(11+),low(<50),very_high(1000+),low,13,False,False,False,False,0,False
1,1122.0,861.5,1081.05,980,1122.0,861.5,1081.05,0.767825311942959,980,3,-1,3,short(1-3),,high(500-1000),,5,False,False,True,False,1,False
14,383.0,97.95,1203.93,981,27.357142857142858,6.996428571428572,85.995,0.25574412532637075,981,1,0,0,very_long(11+),low(<50),low(<100),low,93,False,False,False,True,1,False
1,309.0,1211.37,1110.55,982,309.0,1211.37,1110.55,3.920291262135922,982,2,-1,3,short(1-3),very_high(200+),very_high(1000+),high,55,False,False,False,False,0,False
14,1090.0,2248.68,1905.5,983,77.85714285714286,160.61999999999998,136.10714285714286,2.0630091743119263,983,0,0,0,very_long(11+),medium(50-100),very_high(1000+),low,50,False,False,False,False,0,False
3,278.0,994.9,1167.78,984,92.66666666666667,331.6333333333333,389.26,3.5787769784172663,984,1,0,2,short(1-3),medium(50-100),high(500-1000),low,78,False,False,False,False,0,False
7,1109.0,2397.29,1917.57,985,158.42857142857142,342.46999999999997,273.93857142857144,2.161668169522092,985,0,0,1,long(7-10),high(100-200),very_high(1000+),low,57,False,False,False,False,0,False
12,643.0,2194.16,1758.03,986,53.583333333333336,182.84666666666666,146.5025,3.4123794712286157,986,0,0,0,very_long(11+),medium(50-100),very_high(1000+),low,3,False,False,False,False,0,False
11,176.0,1050.67,1444.13,987,16.0,95.51545454545455,131.28454545454545,5.969715909090909,987,1,0,0,very_long(11+),low(<50),very_high(1000+),low,13,False,False,False,False,0,False
7,309.0,1021.75,1309.85,988,44.142857142857146,145.96428571428572,187.12142857142857,3.30663430420712,988,1,0,1,long(7-10),low(<50),very_high(1000+),low,84,False,False,False,False,0,False
3,992.0,1897.41,1539.0,989,330.6666666666667,632.47,513.0,1.9127116935483872,989,2,5,2,short(1-3),very_high(200+),very_high(1000+),high,0,False,False,False,False,0,False
3,175.0,440.19,431.17,990,58.333333333333336,146.73,143.72333333333333,2.5153714285714286,990,1,0,2,short(1-3),medium(50-100),medium(100-500),low,17,False,False,False,False,0,False
5,895.0,2329.69,1791.96,991,179.0,465.938,358.392,2.603005586592179,991,2,0,1,medium(4-6),high(100-200),very_high(1000+),low,96,False,False,False,False,0,False
8,372.0,348.37,950.24,992,46.5,43.54625,118.78,0.936478494623656,992,1,0,0,long(7-10),low(<50),medium(100-500),low,24,False,False,False,False,0,False
5,567.0,193.11,718.3,993,113.4,38.622,143.66,0.3405820105820106,993,1,0,1,medium(4-6),high(100-200),medium(100-500),low,30,False,False,False,False,0,False
8,978.0,710.43,1624.58,994,122.25,88.80375,203.0725,0.7264110429447852,994,0,0,1,long(7-10),high(100-200),high(500-1000),low,58,False,False,False,False,0,False
1,1082.0,1809.49,446.94,995,1082.0,1809.49,446.94,1.6723567467652496,995,3,-1,3,short(1-3),,very_high(1000+),,94,False,False,True,False,1,False
11,636.0,2238.97,1699.94,996,57.81818181818182,203.54272727272726,154.54,3.520393081761006,996,0,0,0,very_long(11+),medium(50-100),very_high(1000+),low,94,False,False,False,False,0,False
6,370.0,315.09,946.39,997,61.666666666666664,52.51499999999999,157.73166666666665,0.8515945945945945,997,1,0,1,medium(4-6),medium(50-100),medium(100-500),low,39,False,False,False,False,0,False
8,413.0,222.83,802.95,998,51.625,27.85375,100.36875,0.5395399515738499,998,1,0,0,long(7-10),medium(50-100),medium(100-500),low,95,False,False,False,False,0,False
3,399.0,141.39,546.04,999,133.0,47.129999999999995,182.01333333333332,0.35436090225563904,999,1,0,2,short(1-3),high(100-200),medium(100-500),low,4,False,False,False,False,0,False
