days,miles,receipts,reimbursement,miles_per_day,receipts_per_day,efficiency_score,is_5_day,is_efficient,receipt_category,base_per_diem,reimbursement_minus_base,miles_tier,predicted,residual,abs_error
3,93.0,1.42,364.51,31.0,0.47333333333333333,31.0,0,0,very_low,300,64.50999999999999,"(0, 100]",354.05795986614646,10.45204013385353,10.45204013385353
1,55.0,3.6,126.06,55.0,3.6,55.0,0,0,very_low,100,26.060000000000002,"(0, 100]",144.59314848482387,-18.53314848482387,18.53314848482387
1,47.0,17.97,128.91,47.0,17.97,47.0,0,0,very_low,100,28.909999999999997,"(0, 100]",147.15108311752294,-18.241083117522948,18.241083117522948
2,13.0,4.67,203.52,6.5,2.335,6.5,0,0,very_low,200,3.5200000000000102,"(0, 100]",215.4333842697791,-11.913384269779101,11.913384269779101
3,88.0,5.78,380.37,29.333333333333332,1.9266666666666667,29.333333333333332,0,0,very_low,300,80.37,"(0, 100]",336.1021367696788,44.26786323032121,44.26786323032121
1,76.0,13.74,158.35,76.0,13.74,76.0,0,0,very_low,100,58.349999999999994,"(0, 100]",142.30347786856285,16.046522131437143,16.046522131437143
3,41.0,4.52,320.12,13.666666666666666,1.5066666666666666,13.666666666666666,0,0,very_low,300,20.120000000000005,"(0, 100]",299.0230910200498,21.09690897995023,21.09690897995023
1,140.0,22.71,199.68,140.0,22.71,140.0,0,0,very_low,100,99.68,"(100, 200]",193.08646661208084,6.593533387919166,6.593533387919166
3,121.0,21.17,464.07,40.333333333333336,7.0566666666666675,40.333333333333336,0,0,very_low,300,164.07,"(100, 200]",359.31951060660464,104.75048939339536,104.75048939339536
3,117.0,21.99,359.1,39.0,7.329999999999999,39.0,0,0,very_low,300,59.10000000000002,"(100, 200]",361.5556216368883,-2.4556216368882815,2.4556216368882815
2,202.0,21.24,356.17,101.0,10.62,101.0,0,0,very_low,200,156.17000000000002,"(200, 400]",312.9585053214201,43.211494678579925,43.211494678579925
3,80.0,21.05,366.87,26.666666666666668,7.016666666666667,26.666666666666668,0,0,very_low,300,66.87,"(0, 100]",320.6245256477911,46.24547435220893,46.24547435220893
2,21.0,20.04,204.58,10.5,10.02,10.5,0,0,very_low,200,4.5800000000000125,"(0, 100]",211.61620007346662,-7.036200073466603,7.036200073466603
3,177.0,18.73,430.86,59.0,6.243333333333333,59.0,0,0,very_low,300,130.86,"(100, 200]",413.0465854507363,17.81341454926371,17.81341454926371
1,141.0,10.15,195.14,141.0,10.15,141.0,0,0,very_low,100,95.13999999999999,"(100, 200]",188.39025253189956,6.7497474681004235,6.7497474681004235
1,58.0,5.86,117.24,58.0,5.86,58.0,0,0,very_low,100,17.239999999999995,"(0, 100]",144.59314848482387,-27.353148484823876,27.353148484823876
1,133.0,8.34,179.06,133.0,8.34,133.0,0,0,very_low,100,79.06,"(100, 200]",188.39025253189956,-9.33025253189956,9.33025253189956
1,59.0,8.31,120.65,59.0,8.31,59.0,0,0,very_low,100,20.650000000000006,"(0, 100]",135.94760421527448,-15.297604215274475,15.297604215274475
2,89.0,13.85,234.2,44.5,6.925,44.5,0,0,very_low,200,34.19999999999999,"(0, 100]",247.7120791553381,-13.512079155338114,13.512079155338114
2,147.0,17.43,325.56,73.5,8.715,73.5,0,0,very_low,200,125.56,"(100, 200]",301.73771404818336,23.82228595181664,23.82228595181664
5,130.0,306.9,574.1,26.0,61.379999999999995,26.0,1,0,medium_high,500,74.10000000000002,"(100, 200]",554.9479597313048,19.15204026869526,19.15204026869526
5,173.0,1337.9,1443.96,34.6,267.58000000000004,34.6,1,0,very_high,500,943.96,"(100, 200]",1383.4046514556169,60.55534854438315,60.55534854438315
5,592.0,433.75,869.0,118.4,86.75,118.4,1,0,medium_high,500,369.0,"(400, 600]",887.9993457047422,-18.999345704742154,18.999345704742154
5,679.0,476.08,1030.41,135.8,95.216,135.8,1,0,medium_high,500,530.4100000000001,"(600, 800]",974.7595914306767,55.65040856932342,55.65040856932342
5,708.0,1129.52,1654.62,141.6,225.904,141.6,1,0,very_high,500,1154.62,"(600, 800]",1587.8359060095577,66.78409399044222,66.78409399044222
5,261.0,464.94,621.12,52.2,92.988,52.2,1,0,medium_high,500,121.12,"(200, 400]",675.8272462284914,-54.707246228491385,54.707246228491385
5,794.0,511.0,1139.94,158.8,102.2,158.8,1,0,medium_high,500,639.94,"(600, 800]",1076.3191727601245,63.62082723987555,63.62082723987555
5,521.0,1448.55,1624.01,104.2,289.71,104.2,1,0,very_high,500,1124.01,"(400, 600]",1605.3085525768688,18.701447423131185,18.701447423131185
5,595.0,863.93,1231.67,119.0,172.786,119.0,1,0,very_high,500,731.6700000000001,"(400, 600]",1205.1897330063898,26.480266993610257,26.480266993610257
5,811.0,952.39,1608.6,162.2,190.478,162.2,1,0,very_high,500,1108.6,"(800, 1000]",1495.142667846361,113.45733215363884,113.45733215363884
5,477.0,704.42,1045.96,95.4,140.884,95.4,1,0,high,500,545.96,"(400, 600]",963.8762814175967,82.08371858240332,82.08371858240332
5,730.0,485.73,991.49,146.0,97.146,146.0,1,0,medium_high,500,491.49,"(600, 800]",974.7595914306767,16.730408569323345,16.730408569323345
5,262.0,1173.79,1485.59,52.4,234.75799999999998,52.4,1,0,very_high,500,985.5899999999999,"(200, 400]",1393.4402248190518,92.14977518094815,92.14977518094815
5,446.0,219.98,788.62,89.2,43.995999999999995,89.2,1,0,medium,500,288.62,"(400, 600]",775.6983152400738,12.921684759926165,12.921684759926165
5,751.0,407.43,1063.46,150.2,81.486,150.2,1,0,medium_high,500,563.46,"(600, 800]",972.4680878966237,90.99191210337631,90.99191210337631
5,324.0,128.94,686.54,64.8,25.788,64.8,1,0,medium,500,186.53999999999996,"(200, 400]",709.868167713738,-23.328167713738026,23.328167713738026
5,414.0,967.0,1368.94,82.8,193.4,82.8,1,0,very_high,500,868.94,"(400, 600]",1259.3190605626226,109.6209394373775,109.6209394373775
5,367.0,290.78,742.25,73.4,58.15599999999999,73.4,1,0,medium,500,242.25,"(200, 400]",737.5962788601078,4.653721139892241,4.653721139892241
5,764.0,848.75,1468.46,152.8,169.75,152.8,1,0,very_high,500,968.46,"(600, 800]",1380.6178856216457,87.84211437835438,87.84211437835438
5,249.0,873.75,1185.24,49.8,174.75,49.8,1,0,very_high,500,685.24,"(200, 400]",1109.4066596382768,75.83334036172323,75.83334036172323
8,862.0,1817.85,1719.37,107.75,227.23125,107.75,0,0,very_high,800,919.3699999999999,"(800, 1000]",1816.8282783529326,-97.45827835293267,97.45827835293267
11,927.0,1994.33,1779.12,84.27272727272727,181.30272727272725,84.27272727272727,0,0,very_high,1100,679.1199999999999,"(800, 1000]",1826.3297473933737,-47.209747393373846,47.209747393373846
9,602.0,186.69,1085.4,66.88888888888889,20.743333333333332,66.88888888888889,0,0,medium,900,185.4000000000001,"(600, 800]",973.7355583913703,111.66444160862977,111.66444160862977
8,610.0,208.29,841.27,76.25,26.03625,76.25,0,0,medium,800,41.26999999999998,"(600, 800]",930.1112071092973,-88.84120710929733,88.84120710929733
12,333.0,1103.21,1618.13,27.75,91.93416666666667,27.75,0,0,very_high,1200,418.1300000000001,"(200, 400]",1615.711327224723,2.418672775277173,2.418672775277173
8,435.0,1129.65,1525.26,54.375,141.20625,54.375,0,0,very_high,800,725.26,"(400, 600]",1523.842727697724,1.4172723022759328,1.4172723022759328
9,218.0,1203.45,1561.63,24.22222222222222,133.71666666666667,24.22222222222222,0,0,very_high,900,661.6300000000001,"(200, 400]",1561.5102745807765,0.11972541922364144,0.11972541922364144
12,781.0,1159.18,1752.72,65.08333333333333,96.59833333333334,65.08333333333333,0,0,very_high,1200,552.72,"(600, 800]",1796.1328111386483,-43.412811138648294,43.412811138648294
11,916.0,1036.91,2098.07,83.27272727272727,94.26454545454546,83.27272727272727,0,0,very_high,1100,998.0700000000002,"(800, 1000]",1887.4636715312963,210.60632846870385,210.60632846870385
10,358.0,2066.62,1624.11,35.8,206.66199999999998,35.8,0,0,,1000,624.1099999999999,"(200, 400]",1594.9966336535426,29.11336634645727,29.11336634645727
12,566.0,2013.7,1752.03,47.166666666666664,167.80833333333334,47.166666666666664,0,0,,1200,552.03,"(400, 600]",1802.5493541583214,-50.51935415832145,50.51935415832145
9,954.0,1483.39,2024.2,106.0,164.82111111111112,106.0,0,0,very_high,900,1124.2,"(800, 1000]",1907.689100021419,116.51089997858094,116.51089997858094
9,534.0,1929.94,1624.87,59.333333333333336,214.4377777777778,59.333333333333336,0,0,very_high,900,724.8699999999999,"(400, 600]",1651.7420261699722,-26.872026169972287,26.872026169972287
12,765.0,1343.97,1953.03,63.75,111.9975,63.75,0,0,very_high,1200,753.03,"(600, 800]",1881.4213538676113,71.60864613238869,71.60864613238869
8,630.0,967.69,1388.05,78.75,120.96125,78.75,0,0,very_high,800,588.05,"(600, 800]",1572.4466742917223,-184.39667429172232,184.39667429172232
10,909.0,696.0,1505.19,90.9,69.6,90.9,0,0,high,1000,505.19000000000005,"(800, 1000]",1533.635418079827,-28.44541807982705,28.44541807982705
10,223.0,745.89,1037.45,22.3,74.589,22.3,0,0,high,1000,37.450000000000045,"(200, 400]",1074.5847791506712,-37.13477915067119,37.13477915067119
8,467.0,1178.71,1483.33,58.375,147.33875,58.375,0,0,very_high,800,683.3299999999999,"(400, 600]",1556.9487454987825,-73.61874549878257,73.61874549878257
9,708.0,461.07,1110.6,78.66666666666667,51.23,78.66666666666667,0,0,medium_high,900,210.5999999999999,"(600, 800]",1071.738761384246,38.86123861575402,38.86123861575402
9,885.0,1764.97,1694.37,98.33333333333333,196.10777777777778,98.33333333333333,0,0,very_high,900,794.3699999999999,"(800, 1000]",1790.9096835173723,-96.5396835173724,96.5396835173724
6,855.0,591.35,1339.72,142.5,98.55833333333334,142.5,0,0,medium_high,600,739.72,"(800, 1000]",1320.3675396901413,19.35246030985877,19.35246030985877
2,993.0,54.24,715.19,496.5,27.12,496.5,0,0,low,200,515.19,"(800, 1000]",694.187428699006,21.002571300994077,21.002571300994077
5,685.0,747.14,1216.36,137.0,149.428,137.0,1,0,high,500,716.3599999999999,"(600, 800]",1215.1909980823075,1.1690019176924125,1.1690019176924125
3,981.0,341.45,813.95,327.0,113.81666666666666,327.0,0,0,medium_high,300,513.95,"(800, 1000]",768.0774894393153,45.87251056068476,45.87251056068476
5,770.0,873.33,1502.49,154.0,174.666,154.0,1,0,very_high,500,1002.49,"(600, 800]",1435.822999694814,66.6670003051861,66.6670003051861
6,697.0,651.64,1237.71,116.16666666666667,108.60666666666667,116.16666666666667,0,0,high,600,637.71,"(600, 800]",1194.2276552842957,43.48234471570436,43.48234471570436
3,795.0,450.85,743.94,265.0,150.28333333333333,265.0,0,0,medium_high,300,443.94000000000005,"(600, 800]",776.1253404822216,-32.18534048222159,32.18534048222159
3,606.0,1184.23,1364.54,202.0,394.74333333333334,202.0,0,1,very_high,300,1064.54,"(600, 800]",1390.5743114527602,-26.03431145276022,26.03431145276022
3,842.0,865.37,1251.14,280.6666666666667,288.45666666666665,280.6666666666667,0,0,very_high,300,951.1400000000001,"(800, 1000]",1240.3836833335074,10.756316666492694,10.756316666492694
7,748.0,241.73,971.31,106.85714285714286,34.53285714285714,106.85714285714286,0,0,medium,700,271.30999999999995,"(600, 800]",1011.0906571144747,-39.78065711447471,39.78065711447471
7,624.0,148.16,905.79,89.14285714285714,21.165714285714284,89.14285714285714,0,0,medium,700,205.78999999999996,"(600, 800]",964.134043714126,-58.34404371412609,58.34404371412609
2,713.0,740.33,1048.28,356.5,370.165,356.5,0,0,high,200,848.28,"(600, 800]",987.1054157212778,61.174584278722136,61.174584278722136
3,874.0,1191.4,1515.99,291.3333333333333,397.1333333333334,291.3333333333333,0,0,very_high,300,1215.99,"(800, 1000]",1481.5681283749516,34.421871625048425,34.421871625048425
6,761.0,530.19,1120.1,126.83333333333333,88.36500000000001,126.83333333333333,0,0,medium_high,600,520.0999999999999,"(600, 800]",1126.8026043379311,-6.702604337931234,6.702604337931234
1,815.0,97.89,539.36,815.0,97.89,815.0,0,0,low,100,439.36,"(800, 1000]",566.6976158980925,-27.33761589809251,27.33761589809251
1,601.0,497.7,644.12,601.0,497.7,601.0,0,0,medium_high,100,544.12,"(600, 800]",580.8245229528153,63.295477047184704,63.295477047184704
7,817.0,1127.87,1809.91,116.71428571428571,161.1242857142857,116.71428571428571,0,0,very_high,700,1109.91,"(800, 1000]",1835.9012502045036,-25.991250204503558,25.991250204503558
1,606.0,923.0,1050.05,606.0,923.0,606.0,0,0,very_high,100,950.05,"(600, 800]",1010.3836167201567,39.66638327984322,39.66638327984322
1,909.0,741.82,866.07,909.0,741.82,909.0,0,0,high,100,766.07,"(800, 1000]",1013.8990087569946,-147.82900875699454,147.82900875699454
3,624.0,1160.92,1459.34,208.0,386.97333333333336,208.0,0,1,very_high,300,1159.34,"(600, 800]",1411.8348277408172,47.5051722591827,47.5051722591827
4,650.0,619.49,676.38,162.5,154.8725,162.5,0,0,high,400,276.38,"(600, 800]",979.9424838327096,-303.56248383270963,303.56248383270963
6,204.0,818.99,628.4,34.0,136.49833333333333,34.0,0,0,very_high,600,28.399999999999977,"(200, 400]",880.1971534721662,-251.7971534721662,251.7971534721662
1,263.0,396.49,198.42,263.0,396.49,263.0,0,0,medium_high,100,98.41999999999999,"(200, 400]",245.08630364527448,-46.666303645274496,46.666303645274496
1,451.0,555.49,162.18,451.0,555.49,451.0,0,0,medium_high,100,62.18000000000001,"(400, 600]",336.45350609248135,-174.27350609248134,174.27350609248134
10,424.0,474.99,831.96,42.4,47.499,42.4,0,0,medium_high,1000,-168.03999999999996,"(400, 600]",925.0939729565578,-93.13397295655773,93.13397295655773
2,565.0,389.49,415.96,282.5,194.745,282.5,0,0,medium_high,200,215.95999999999998,"(400, 600]",521.3054243287818,-105.3454243287818,105.3454243287818
9,397.0,348.49,913.29,44.111111111111114,38.721111111111114,44.111111111111114,0,0,medium_high,900,13.289999999999964,"(200, 400]",881.421419036982,31.868580963017962,31.868580963017962
1,532.0,413.99,355.57,532.0,413.99,532.0,0,0,medium_high,100,255.57,"(400, 600]",398.02823949162973,-42.45823949162974,42.45823949162974
2,384.0,495.49,290.36,192.0,247.745,192.0,0,1,medium_high,200,90.36000000000001,"(200, 400]",376.73742556793707,-86.37742556793705,86.37742556793705
5,754.0,489.99,765.13,150.8,97.998,150.8,1,0,medium_high,500,265.13,"(600, 800]",974.7595914306767,-209.62959143067667,209.62959143067667
1,344.46,813.85,707.88,344.46,813.85,344.46,0,0,very_high,100,607.88,"(200, 400]",678.6704790916953,29.20952090830474,29.20952090830474
3,906.3,540.03,848.42,302.09999999999997,180.01,302.09999999999997,0,0,medium_high,300,548.42,"(800, 1000]",881.0526200406416,-32.632620040641655,32.632620040641655
3,1007.56,187.52,764.64,335.8533333333333,62.50666666666667,335.8533333333333,0,0,medium,300,464.64,,770.2068041367268,-5.566804136726773,5.566804136726773
1,359.62,221.15,255.57,359.62,221.15,359.62,0,0,medium,100,155.57,"(200, 400]",263.1203742127621,-7.550374212762108,7.550374212762108
1,362.79,749.19,636.51,362.79,749.19,362.79,0,0,high,100,536.51,"(200, 400]",648.8194194698265,-12.30941946982648,12.30941946982648
1,288.72,159.26,303.94,288.72,159.26,288.72,0,0,medium,100,203.94,"(200, 400]",279.5076769160603,24.432323083939707,24.432323083939707
2,782.17,830.72,1165.44,391.085,415.36,391.085,0,0,very_high,200,965.44,"(600, 800]",1098.9594463874193,66.4805536125807,66.4805536125807
2,623.18,347.54,625.15,311.59,173.77,311.59,0,0,medium_high,200,425.15,"(600, 800]",626.4867497131966,-1.336749713196582,1.336749713196582
3,1061.15,388.5,693.36,353.7166666666667,129.5,353.7166666666667,0,0,medium_high,300,393.36,,747.9933194030646,-54.63331940306455,54.63331940306455
1,252.75,285.5,331.74,252.75,285.5,252.75,0,0,medium,100,231.74,"(200, 400]",242.49396619764042,89.24603380235959,89.24603380235959
3,1020.39,250.62,779.08,340.13,83.54,340.13,0,0,medium,300,479.08000000000004,,770.2068041367268,8.873195863273281,8.873195863273281
1,257.97,816.81,738.01,257.97,816.81,257.97,0,0,very_high,100,638.01,"(200, 400]",638.19609649608,99.81390350391996,99.81390350391996
3,1025.03,592.55,992.4,341.6766666666667,197.51666666666665,341.6766666666667,0,0,medium_high,300,692.4,,956.402669970643,35.99733002935693,35.99733002935693
2,794.32,402.31,671.06,397.16,201.155,397.16,0,0,medium_high,200,471.05999999999995,"(600, 800]",649.9097772404277,21.150222759572216,21.150222759572216
1,276.85,485.54,361.66,276.85,485.54,276.85,0,0,medium_high,100,261.66,"(200, 400]",310.9418000153646,50.71819998463542,50.71819998463542
2,851.68,473.96,650.68,425.84,236.98,425.84,0,0,medium_high,200,450.67999999999995,"(800, 1000]",708.0749798285625,-57.394979828562555,57.394979828562555
3,859.12,611.07,960.47,286.37333333333333,203.69000000000003,286.37333333333333,0,0,high,300,660.47,"(800, 1000]",940.1121885288271,20.35781147117291,20.35781147117291
3,1317.07,476.87,787.42,439.0233333333333,158.95666666666668,439.0233333333333,0,0,medium_high,300,487.41999999999996,,807.9767159863776,-20.55671598637764,20.55671598637764
1,388.1,827.37,741.46,388.1,827.37,388.1,0,0,very_high,100,641.46,"(200, 400]",659.5431363101266,81.91686368987348,81.91686368987348
1,264.39,758.27,636.19,264.39,758.27,264.39,0,0,high,100,536.19,"(200, 400]",642.9597416523571,-6.769741652357084,6.769741652357084
5,198.21,594.83,807.48,39.642,118.96600000000001,39.642,1,0,medium_high,500,307.48,"(100, 200]",701.7316062667668,105.74839373323323,105.74839373323323
6,72.85,457.75,666.59,12.141666666666666,76.29166666666667,12.141666666666666,0,0,medium_high,600,66.59000000000003,"(0, 100]",654.0415361185245,12.548463881475527,12.548463881475527
8,297.64,481.09,835.08,37.205,60.13625,37.205,0,0,medium_high,800,35.08000000000004,"(200, 400]",813.0956649674821,21.984335032517947,21.984335032517947
7,237.33,1262.27,1452.17,33.90428571428571,180.3242857142857,33.90428571428571,0,0,very_high,700,752.1700000000001,"(200, 400]",1485.2842209209768,-33.11422092097678,33.11422092097678
5,195.73,1228.49,511.23,39.146,245.698,39.146,1,0,very_high,500,11.230000000000018,"(100, 200]",1232.6985622543054,-721.4685622543054,721.4685622543054
8,276.28,1179.9,1522.6,34.535,147.4875,34.535,0,0,very_high,800,722.5999999999999,"(200, 400]",1511.4457209379389,11.15427906206105,11.15427906206105
8,302.24,1046.04,1353.77,37.78,130.755,37.78,0,0,very_high,800,553.77,"(200, 400]",1453.6289548207465,-99.85895482074648,99.85895482074648
8,266.87,252.08,880.41,33.35875,31.51,33.35875,0,0,medium,800,80.40999999999997,"(200, 400]",794.7999613288694,85.61003867113061,85.61003867113061
9,310.69,239.64,828.16,34.52111111111111,26.626666666666665,34.52111111111111,0,0,medium,900,-71.84000000000003,"(200, 400]",827.1665925963903,0.9934074036096945,0.9934074036096945
6,222.08,709.07,1031.34,37.013333333333335,118.17833333333334,37.013333333333335,0,0,high,600,431.3399999999999,"(200, 400]",953.3813485134328,77.95865148656708,77.95865148656708
8,264.94,720.67,1019.85,33.1175,90.08375,33.1175,0,0,high,800,219.85000000000002,"(200, 400]",1097.6964829614722,-77.84648296147213,77.84648296147213
8,161.15,1230.37,1499.24,20.14375,153.79625,20.14375,0,0,very_high,800,699.24,"(100, 200]",1487.9704169809877,11.269583019012316,11.269583019012316
9,259.96,554.74,835.54,28.88444444444444,61.63777777777778,28.88444444444444,0,0,medium_high,900,-64.46000000000004,"(200, 400]",855.3834043319995,-19.843404331999523,19.843404331999523
9,97.85,518.56,850.57,10.872222222222222,57.617777777777775,10.872222222222222,0,0,medium_high,900,-49.42999999999995,"(0, 100]",824.5867218307525,25.98327816924757,25.98327816924757
9,194.34,1054.93,1374.9,21.593333333333334,117.21444444444445,21.593333333333334,0,0,very_high,900,474.9000000000001,"(100, 200]",1426.3819003915073,-51.481900391507224,51.481900391507224
9,332.35,374.61,830.45,36.92777777777778,41.623333333333335,36.92777777777778,0,0,medium_high,900,-69.54999999999995,"(200, 400]",846.3230544852831,-15.873054485283092,15.873054485283092
5,126.44,696.14,845.35,25.288,139.228,25.288,1,0,high,500,345.35,"(100, 200]",843.6343992368661,1.7156007631339207,1.7156007631339207
5,66.13,848.03,1050.25,13.225999999999999,169.606,13.225999999999999,1,0,very_high,500,550.25,"(0, 100]",936.8092676297963,113.4407323702037,113.4407323702037
6,135.34,1144.13,1478.11,22.55666666666667,190.68833333333336,22.55666666666667,0,0,very_high,600,878.1099999999999,"(100, 200]",1413.4202819231766,64.68971807682328,64.68971807682328
6,233.7,346.98,648.57,38.949999999999996,57.830000000000005,38.949999999999996,0,0,medium_high,600,48.57000000000005,"(200, 400]",712.8455131051818,-64.27551310518174,64.27551310518174
9,849.0,1007.41,1785.47,94.33333333333333,111.93444444444444,94.33333333333333,0,0,very_high,900,885.47,"(800, 1000]",1816.6352255543009,-31.165225554300832,31.165225554300832
6,806.0,1760.64,1718.76,134.33333333333334,293.44,134.33333333333334,0,0,very_high,600,1118.76,"(800, 1000]",1758.869916249234,-40.10991624923395,40.10991624923395
8,891.0,1194.36,2016.46,111.375,149.295,111.375,0,0,very_high,800,1216.46,"(800, 1000]",1949.7395768736005,66.72042312639951,66.72042312639951
9,1182.0,1342.24,2164.15,131.33333333333334,149.13777777777779,131.33333333333334,0,0,very_high,900,1264.15,,2121.4374742538444,42.712525746155734,42.712525746155734
7,1010.0,1514.03,2063.98,144.28571428571428,216.29,144.28571428571428,0,0,very_high,700,1363.98,,1909.189233532593,154.7907664674069,154.7907664674069
8,892.0,1768.53,1902.37,111.5,221.06625,111.5,0,0,very_high,800,1102.37,"(800, 1000]",1816.8282783529326,85.54172164706733,85.54172164706733
6,825.0,1692.73,1817.77,137.5,282.12166666666667,137.5,0,0,very_high,600,1217.77,"(800, 1000]",1780.3363232611405,37.4336767388595,37.4336767388595
8,1118.0,1758.52,1852.47,139.75,219.815,139.75,0,0,very_high,800,1052.47,,1845.9143590824929,6.555640917507162,6.555640917507162
8,1064.0,1756.52,1857.04,133.0,219.565,133.0,0,0,very_high,800,1057.04,,1845.9143590824929,11.125640917507098,11.125640917507098
6,811.0,1252.04,1771.8,135.16666666666666,208.67333333333332,135.16666666666666,0,0,very_high,600,1171.8,"(800, 1000]",1721.8562460962048,49.94375390379514,49.94375390379514
7,889.0,1417.96,1826.08,127.0,202.56571428571428,127.0,0,0,very_high,700,1126.08,"(800, 1000]",1878.8993950915592,-52.81939509155927,52.81939509155927
9,1012.0,1429.04,1880.76,112.44444444444444,158.78222222222223,112.44444444444444,0,0,very_high,900,980.76,,1959.851343127098,-79.09134312709807,79.09134312709807
6,909.0,1332.18,1720.21,151.5,222.03,151.5,0,0,very_high,600,1120.21,"(800, 1000]",1774.8340633557293,-54.62406335572928,54.62406335572928
9,1096.0,1690.22,1894.85,121.77777777777777,187.8022222222222,121.77777777777777,0,0,very_high,900,994.8499999999999,,1863.943207886959,30.906792113040865,30.906792113040865
9,913.0,1021.29,1964.86,101.44444444444444,113.47666666666666,101.44444444444444,0,0,very_high,900,1064.86,"(800, 1000]",1892.9998570040325,71.86014299596741,71.86014299596741
6,1006.0,1219.71,1803.97,167.66666666666666,203.285,167.66666666666666,0,0,very_high,600,1203.97,,1803.904851578693,0.06514842130695797,0.06514842130695797
6,907.0,1650.17,1737.86,151.16666666666666,275.02833333333336,151.16666666666666,0,0,very_high,600,1137.86,"(800, 1000]",1797.7890391691099,-59.929039169109956,59.929039169109956
9,816.0,1171.81,1780.58,90.66666666666667,130.20111111111112,90.66666666666667,0,0,very_high,900,880.5799999999999,"(800, 1000]",1791.502931166607,-10.922931166606986,10.922931166606986
7,1006.0,1181.33,2279.82,143.71428571428572,168.76142857142855,143.71428571428572,0,0,very_high,700,1579.8200000000002,,2012.0053396292328,267.81466037076734,267.81466037076734
6,835.0,1404.28,1765.79,139.16666666666666,234.04666666666665,139.16666666666666,0,0,very_high,600,1165.79,"(800, 1000]",1754.9876283274102,10.802371672589743,10.802371672589743
12,528.0,2476.41,1662.88,44.0,206.36749999999998,44.0,0,0,,1200,462.8800000000001,"(400, 600]",1730.9121010483063,-68.03210104830623,68.03210104830623
4,69.0,2321.49,322.0,17.25,580.3725,17.25,0,0,,400,-78.0,"(0, 100]",636.9710725689941,-314.97107256899415,314.97107256899415
11,1179.0,31.36,1550.55,107.18181818181819,2.850909090909091,107.18181818181819,0,0,very_low,1100,450.54999999999995,,1466.273793200642,84.27620679935785,84.27620679935785
13,756.0,954.4,1793.07,58.15384615384615,73.41538461538461,58.15384615384615,0,0,very_high,1300,493.06999999999994,"(600, 800]",1802.0246483364645,-8.954648336464516,8.954648336464516
1,123.0,2076.65,1171.68,123.0,2076.65,123.0,0,0,,100,1071.68,"(100, 200]",1230.4712786492419,-58.791278649241804,58.791278649241804
3,1162.0,2152.66,1434.71,387.3333333333333,717.5533333333333,387.3333333333333,0,0,,300,1134.71,,1475.5380593611624,-40.82805936116233,40.82805936116233
1,822.0,2170.53,1374.91,822.0,2170.53,822.0,0,0,,100,1274.91,"(800, 1000]",1421.5024725103478,-46.59247251034776,46.59247251034776
11,558.0,1549.86,1823.47,50.72727272727273,140.89636363636362,50.72727272727273,0,0,very_high,1100,723.47,"(400, 600]",1779.1879774159408,44.28202258405918,44.28202258405918
2,753.0,1111.16,1353.87,376.5,555.58,376.5,0,0,very_high,200,1153.87,"(600, 800]",1386.6800530714306,-32.81005307143073,32.81005307143073
10,224.0,407.51,794.7,22.4,40.751,22.4,0,0,medium_high,1000,-205.29999999999995,"(200, 400]",818.2535283258572,-23.5535283258572,23.5535283258572
6,383.0,462.79,800.3,63.833333333333336,77.13166666666667,63.833333333333336,0,0,medium_high,600,200.29999999999995,"(200, 400]",868.0877190864041,-67.7877190864042,67.7877190864042
8,1005.0,1391.37,1987.39,125.625,173.92125,125.625,0,0,very_high,800,1187.39,,1941.2836079147032,46.106392085296875,46.106392085296875
10,1145.0,311.43,1366.61,114.5,31.143,114.5,0,0,medium_high,1000,366.6099999999999,,1327.6115380839651,38.998461916034785,38.998461916034785
5,1004.0,2367.63,1743.85,200.8,473.526,200.8,1,1,,500,1243.85,,1738.3050666520905,5.544933347909364,5.544933347909364
5,873.0,1402.35,1676.79,174.6,280.46999999999997,174.6,1,0,very_high,500,1176.79,"(800, 1000]",1698.4453528253066,-21.655352825306636,21.655352825306636
2,165.0,1813.32,1273.45,82.5,906.66,82.5,0,0,very_high,200,1073.45,"(100, 200]",1323.9599632440531,-50.5099632440531,50.5099632440531
5,1076.0,190.33,879.65,215.2,38.066,215.2,1,1,medium,500,379.65,,960.5178230850152,-80.86782308501517,80.86782308501517
12,986.0,2390.92,1760.0,82.16666666666667,199.24333333333334,82.16666666666667,0,0,,1200,560.0,"(800, 1000]",1811.6252147049822,-51.62521470498223,51.62521470498223
7,948.0,657.17,1578.97,135.42857142857142,93.88142857142857,135.42857142857142,0,0,high,700,878.97,"(800, 1000]",1401.3532343574655,177.61676564253457,177.61676564253457
3,429.0,2400.13,1411.95,143.0,800.0433333333334,143.0,0,0,,300,1111.95,"(400, 600]",1438.4718151307873,-26.521815130787218,26.521815130787218
4,362.0,646.43,788.53,90.5,161.6075,90.5,0,0,high,400,388.53,"(200, 400]",773.3099112429987,15.220088757001236,15.220088757001236
2,622.0,1871.56,1494.23,311.0,935.78,311.0,0,0,very_high,200,1294.23,"(600, 800]",1484.2919643564976,9.938035643502417,9.938035643502417
1,140.0,255.99,150.34,140.0,255.99,140.0,0,0,medium,100,50.34,"(100, 200]",182.1585918031145,-31.818591803114487,31.818591803114487
8,123.0,612.55,851.24,15.375,76.56875,15.375,0,0,high,800,51.24000000000001,"(100, 200]",871.6639730422091,-20.423973042209127,20.423973042209127
4,87.0,2463.92,1413.52,21.75,615.98,21.75,0,0,,400,1013.52,"(0, 100]",1007.6014042433566,405.9185957566434,405.9185957566434
10,164.0,1144.9,1516.43,16.4,114.49000000000001,16.4,0,0,very_high,1000,516.4300000000001,"(100, 200]",1500.426408905839,16.003591094161038,16.003591094161038
1,989.0,2196.84,1439.17,989.0,2196.84,989.0,0,0,,100,1339.17,"(800, 1000]",1426.1025635941828,13.067436405817261,13.067436405817261
4,470.0,1968.63,1501.1,117.5,492.1575,117.5,0,0,very_high,400,1101.1,"(400, 600]",1496.9945776035936,4.105422396406311,4.105422396406311
1,37.0,1397.17,1092.94,37.0,1397.17,37.0,0,0,very_high,100,992.94,"(0, 100]",1105.6778572359528,-12.737857235952788,12.737857235952788
8,488.0,439.7,1030.13,61.0,54.9625,61.0,0,0,medium_high,800,230.1300000000001,"(400, 600]",930.6570494048274,99.47295059517273,99.47295059517273
12,757.0,897.4,1780.07,63.083333333333336,74.78333333333333,63.083333333333336,0,0,very_high,1200,580.0699999999999,"(600, 800]",1704.6816040009192,75.38839599908079,75.38839599908079
14,958.0,1727.76,2065.16,68.42857142857143,123.41142857142857,68.42857142857143,0,0,very_high,1400,665.1599999999999,"(800, 1000]",2028.7956815268296,36.364318473170215,36.364318473170215
2,456.0,2390.7,1342.39,228.0,1195.35,228.0,0,0,,200,1142.39,"(400, 600]",1379.3383466227428,-36.94834662274275,36.94834662274275
5,733.0,41.18,771.83,146.6,8.236,146.6,1,0,very_low,500,271.83000000000004,"(600, 800]",876.1823833815175,-104.35238338151748,104.35238338151748
5,291.0,1279.7,1477.12,58.2,255.94,58.2,1,0,very_high,500,977.1199999999999,"(200, 400]",1411.9093813148158,65.21061868518404,65.21061868518404
10,478.0,2091.79,1568.41,47.8,209.179,47.8,0,0,,1000,568.4100000000001,"(400, 600]",1590.4627896108482,-22.052789610848095,22.052789610848095
8,817.0,1455.73,1847.26,102.125,181.96625,102.125,0,0,very_high,800,1047.26,"(800, 1000]",1776.9306019211615,70.3293980788385,70.3293980788385
6,1043.0,1404.35,1807.42,173.83333333333334,234.0583333333333,173.83333333333334,0,0,very_high,600,1207.42,,1810.8876747162,-3.4676747162000083,3.4676747162000083
2,958.0,1855.58,1549.54,479.0,927.79,479.0,0,0,very_high,200,1349.54,"(800, 1000]",1507.9043865875585,41.635613412441444,41.635613412441444
9,524.0,474.75,935.4,58.22222222222222,52.75,58.22222222222222,0,0,medium_high,900,35.39999999999998,"(400, 600]",967.7741358648328,-32.37413586483285,32.37413586483285
6,45.0,81.59,522.58,7.5,13.598333333333334,7.5,0,0,low,600,-77.41999999999996,"(0, 100]",562.8740062222447,-40.29400622224466,40.29400622224466
8,342.0,2259.06,1502.02,42.75,282.3825,42.75,0,0,,800,702.02,"(200, 400]",1539.086803258949,-37.066803258948994,37.066803258948994
12,379.0,1897.29,1682.98,31.583333333333332,158.1075,31.583333333333332,0,0,very_high,1200,482.98,"(200, 400]",1716.6205634025287,-33.64056340252864,33.64056340252864
6,333.0,1254.68,1585.02,55.5,209.11333333333334,55.5,0,0,very_high,600,985.02,"(200, 400]",1532.243474896063,52.77652510393705,52.77652510393705
2,634.0,1739.81,1490.51,317.0,869.905,317.0,0,0,very_high,200,1290.51,"(600, 800]",1484.2919643564976,6.21803564350239,6.21803564350239
5,285.0,974.73,1282.84,57.0,194.946,57.0,1,0,very_high,500,782.8399999999999,"(200, 400]",1225.0932995924504,57.7467004075495,57.7467004075495
12,33.0,1249.13,1707.38,2.75,104.09416666666668,2.75,0,0,very_high,1200,507.3800000000001,"(0, 100]",1651.088333461367,56.29166653863308,56.29166653863308
9,118.0,1285.82,1539.77,13.11111111111111,142.86888888888888,13.11111111111111,0,0,very_high,900,639.77,"(100, 200]",1561.2729340763315,-21.502934076331485,21.502934076331485
1,420.0,2273.6,1220.35,420.0,2273.6,420.0,0,0,,100,1120.35,"(400, 600]",1231.478593517501,-11.12859351750103,11.12859351750103
11,312.0,2072.39,1586.22,28.363636363636363,188.3990909090909,28.363636363636363,0,0,,1100,486.22,"(200, 400]",1619.5243259805757,-33.30432598057564,33.30432598057564
10,753.0,2054.02,1779.08,75.3,205.402,75.3,0,0,,1000,779.0799999999999,"(600, 800]",1759.0678532316629,20.01214676833706,20.01214676833706
5,125.0,96.38,570.99,25.0,19.276,25.0,1,0,low,500,70.99000000000001,"(100, 200]",553.7196216500296,17.27037834997043,17.27037834997043
6,597.0,888.84,1395.65,99.5,148.14000000000001,99.5,0,0,very_high,600,795.6500000000001,"(400, 600]",1340.914178534544,54.73582146545618,54.73582146545618
12,1065.0,203.2,1408.25,88.75,16.933333333333334,88.75,0,0,medium,1200,208.25,,1339.4687046227864,68.78129537721361,68.78129537721361
1,214.0,540.03,402.81,214.0,540.03,214.0,0,1,medium_high,100,302.81,"(200, 400]",331.4161433570699,71.39385664293007,71.39385664293007
11,886.0,922.66,1852.24,80.54545454545455,83.87818181818182,80.54545454545455,0,0,very_high,1100,752.24,"(800, 1000]",1766.2056316571475,86.03436834285253,86.03436834285253
10,621.0,978.73,1656.28,62.1,97.873,62.1,0,0,very_high,1000,656.28,"(600, 800]",1612.494467648627,43.78553235137292,43.78553235137292
4,1000.0,2355.34,1699.56,250.0,588.835,250.0,0,0,,400,1299.56,"(800, 1000]",1596.8255673531662,102.73443264683374,102.73443264683374
13,534.0,1765.96,1881.36,41.07692307692308,135.84307692307692,41.07692307692308,0,0,very_high,1300,581.3599999999999,"(400, 600]",1933.4807488663491,-52.12074886634923,52.12074886634923
6,475.0,1800.71,1671.23,79.16666666666667,300.11833333333334,79.16666666666667,0,0,very_high,600,1071.23,"(400, 600]",1580.9201439693563,90.30985603064369,90.30985603064369
11,623.0,2265.21,1739.18,56.63636363636363,205.92818181818183,56.63636363636363,0,0,,1100,639.1800000000001,"(600, 800]",1716.3523706135734,22.82762938642668,22.82762938642668
1,620.0,973.91,1112.02,620.0,973.91,620.0,0,0,very_high,100,1012.02,"(600, 800]",1079.3297836304407,32.690216369559266,32.690216369559266
13,1004.0,1757.75,1960.67,77.23076923076923,135.21153846153845,77.23076923076923,0,0,very_high,1300,660.6700000000001,,2010.2602474590215,-49.590247459021384,49.590247459021384
8,962.0,1929.63,1897.19,120.25,241.20375,120.25,0,0,very_high,800,1097.19,"(800, 1000]",1829.5247158880195,67.66528411198055,67.66528411198055
14,516.0,1464.67,1842.1,36.857142857142854,104.61928571428572,36.857142857142854,0,0,very_high,1400,442.0999999999999,"(400, 600]",1908.7925055353774,-66.69250553537745,66.69250553537745
11,685.0,2272.75,1873.94,62.27272727272727,206.61363636363637,62.27272727272727,0,0,,1100,773.94,"(600, 800]",1725.5643490518537,148.37565094814636,148.37565094814636
3,307.0,266.21,540.97,102.33333333333333,88.73666666666666,102.33333333333333,0,0,medium,300,240.97000000000003,"(200, 400]",537.0134448702205,3.956555129779531,3.956555129779531
3,375.0,1346.21,1339.93,125.0,448.7366666666667,125.0,0,0,very_high,300,1039.93,"(200, 400]",1394.5499542769546,-54.61995427695456,54.61995427695456
4,1124.0,2177.18,1567.43,281.0,544.295,281.0,0,0,,400,1167.43,,1585.8467366979662,-18.416736697966144,18.416736697966144
3,779.0,2110.9,1520.73,259.6666666666667,703.6333333333333,259.6666666666667,0,0,,300,1220.73,"(600, 800]",1532.7162051875744,-11.986205187574342,11.986205187574342
8,1173.0,671.25,1419.34,146.625,83.90625,146.625,0,0,high,800,619.3399999999999,,1567.2600864452854,-147.9200864452855,147.9200864452855
14,47.0,1667.14,1745.18,3.357142857142857,119.08142857142857,3.357142857142857,0,0,very_high,1400,345.18000000000006,"(0, 100]",1727.413573200145,17.766426799855026,17.766426799855026
3,981.0,2008.83,1539.47,327.0,669.61,327.0,0,0,,300,1239.47,"(800, 1000]",1525.865208358579,13.604791641421116,13.604791641421116
5,516.0,1450.67,1547.5,103.2,290.134,103.2,1,0,very_high,500,1047.5,"(400, 600]",1348.6909653135797,198.80903468642032,198.80903468642032
6,471.0,332.51,872.19,78.5,55.41833333333333,78.5,0,0,medium_high,600,272.19000000000005,"(400, 600]",848.8897631599312,23.300236840068806,23.300236840068806
2,941.0,1565.77,1432.79,470.5,782.885,470.5,0,0,very_high,200,1232.79,"(800, 1000]",1478.8518109921952,-46.061810992195205,46.061810992195205
10,377.0,301.96,837.36,37.7,30.195999999999998,37.7,0,0,medium_high,1000,-162.64,"(200, 400]",872.3469897132027,-34.98698971320266,34.98698971320266
7,273.0,285.83,793.58,39.0,40.832857142857144,39.0,0,0,medium,700,93.58000000000004,"(200, 400]",786.173435498264,7.406564501736057,7.406564501736057
1,458.0,834.7,737.28,458.0,834.7,458.0,0,0,very_high,100,637.28,"(400, 600]",775.6411871724704,-38.36118717247041,38.36118717247041
11,772.0,932.31,1575.52,70.18181818181819,84.75545454545454,70.18181818181819,0,0,very_high,1100,475.52,"(600, 800]",1643.641587649142,-68.12158764914193,68.12158764914193
11,36.0,1541.47,1593.24,3.272727272727273,140.13363636363636,3.272727272727273,0,0,very_high,1100,493.24,"(0, 100]",1621.0594894034537,-27.819489403453645,27.819489403453645
12,211.0,1048.29,1579.73,17.583333333333332,87.3575,17.583333333333332,0,0,very_high,1200,379.73,"(200, 400]",1568.4779245853606,11.252075414639421,11.252075414639421
7,987.0,2164.1,1839.67,141.0,309.15714285714284,141.0,0,0,,700,1139.67,"(800, 1000]",1887.3509129914942,-47.6809129914941,47.6809129914941
9,662.0,2275.59,1599.27,73.55555555555556,252.84333333333336,73.55555555555556,0,0,,900,699.27,"(600, 800]",1667.9761324905448,-68.70613249054486,68.70613249054486
12,96.0,1164.37,1553.21,8.0,97.03083333333332,8.0,0,0,very_high,1200,353.21000000000004,"(0, 100]",1570.3517141747132,-17.141714174713115,17.141714174713115
5,569.0,1856.7,1623.81,113.8,371.34000000000003,113.8,1,0,very_high,500,1123.81,"(400, 600]",1615.2540355690323,8.555964430967606,8.555964430967606
12,128.0,477.17,874.99,10.666666666666666,39.76416666666667,10.666666666666666,0,0,medium_high,1200,-325.01,"(100, 200]",938.5531134772247,-63.56311347722465,63.56311347722465
4,886.0,2401.28,1698.0,221.5,600.32,221.5,0,0,,400,1298.0,"(800, 1000]",1565.3745714719857,132.62542852801425,132.62542852801425
13,19.0,807.27,1331.53,1.4615384615384615,62.097692307692306,1.4615384615384615,0,0,very_high,1300,31.529999999999973,"(0, 100]",1251.2946194564406,80.23538054355936,80.23538054355936
8,275.0,2347.09,1454.47,34.375,293.38625,34.375,0,0,,800,654.47,"(200, 400]",1517.650039150547,-63.18003915054692,63.18003915054692
9,963.0,588.5,1434.42,107.0,65.38888888888889,107.0,0,0,medium_high,900,534.4200000000001,"(800, 1000]",1412.5642018211654,21.855798178834675,21.855798178834675
14,1056.0,2489.69,1894.16,75.42857142857143,177.835,75.42857142857143,0,0,,1400,494.1600000000001,,1871.9937649107824,22.166235089217707,22.166235089217707
5,728.0,423.16,947.72,145.6,84.632,145.6,1,0,medium_high,500,447.72,"(600, 800]",972.4680878966237,-24.7480878966237,24.7480878966237
4,286.0,1063.49,418.17,71.5,265.8725,71.5,0,0,very_high,400,18.170000000000016,"(200, 400]",1044.0941795245722,-625.9241795245721,625.9241795245721
11,332.0,1352.48,1663.39,30.181818181818183,122.95272727272727,30.181818181818183,0,0,very_high,1100,563.3900000000001,"(200, 400]",1660.5193108875692,2.8706891124309095,2.8706891124309095
12,49.0,1118.38,1494.81,4.083333333333333,93.19833333333334,4.083333333333333,0,0,very_high,1200,294.80999999999995,"(0, 100]",1549.7118438813632,-54.90184388136322,54.90184388136322
2,18.0,2503.46,1206.95,9.0,1251.73,9.0,0,0,,200,1006.95,"(0, 100]",1189.3879164024088,17.562083597591254,17.562083597591254
14,592.0,1268.36,1930.24,42.285714285714285,90.59714285714286,42.285714285714285,0,0,very_high,1400,530.24,"(400, 600]",1902.050780123804,28.18921987619592,28.18921987619592
3,892.0,171.32,875.39,297.3333333333333,57.10666666666666,297.3333333333333,0,0,medium,300,575.39,"(800, 1000]",771.7524725614178,103.6375274385822,103.6375274385822
11,741.0,1872.39,1847.08,67.36363636363636,170.21727272727273,67.36363636363636,0,0,very_high,1100,747.0799999999999,"(600, 800]",1813.170369093458,33.909630906541906,33.909630906541906
14,807.0,2358.41,1819.41,57.642857142857146,168.45785714285714,57.642857142857146,0,0,,1400,419.4100000000001,"(800, 1000]",1905.2347942874885,-85.82479428748843,85.82479428748843
5,873.0,1584.53,1796.7,174.6,316.906,174.6,1,0,very_high,500,1296.7,"(800, 1000]",1739.9207167298846,56.77928327011546,56.77928327011546
3,1159.0,2209.44,1434.84,386.3333333333333,736.48,386.3333333333333,0,0,,300,1134.84,,1475.5380593611624,-40.69805936116245,40.69805936116245
11,920.0,1338.65,1871.27,83.63636363636364,121.69545454545455,83.63636363636364,0,0,very_high,1100,771.27,"(800, 1000]",1901.9977843662061,-30.72778436620615,30.72778436620615
1,388.0,390.7,332.06,388.0,390.7,388.0,0,0,medium_high,100,232.06,"(200, 400]",286.68036629466417,45.379633705335834,45.379633705335834
9,576.0,1059.79,1547.5,64.0,117.75444444444445,64.0,0,0,very_high,900,647.5,"(400, 600]",1613.0040030123726,-65.50400301237255,65.50400301237255
9,524.0,2367.12,1640.78,58.22222222222222,263.0133333333333,58.22222222222222,0,0,,900,740.78,"(400, 600]",1660.5216995571807,-19.74169955718071,19.74169955718071
10,459.0,2183.11,1559.59,45.9,218.311,45.9,0,0,,1000,559.5899999999999,"(400, 600]",1590.4627896108482,-30.87278961084826,30.87278961084826
4,725.0,588.9,1097.95,181.25,147.225,181.25,0,1,medium_high,400,697.95,"(600, 800]",989.15446227099,108.79553772901,108.79553772901
1,992.0,958.87,1222.41,992.0,958.87,992.0,0,0,very_high,100,1122.41,"(800, 1000]",1207.576298182006,14.833701817994097,14.833701817994097
10,536.0,2194.42,1615.13,53.6,219.442,53.6,0,0,,1000,615.1300000000001,"(400, 600]",1683.7197770448622,-68.5897770448621,68.5897770448621
11,1126.0,1593.03,2143.74,102.36363636363636,144.82090909090908,102.36363636363636,0,0,very_high,1100,1043.7399999999998,,2094.6926297110017,49.04737028899808,49.04737028899808
10,314.0,1098.8,1539.1,31.4,109.88,31.4,0,0,very_high,1000,539.0999999999999,"(200, 400]",1514.5775241940723,24.52247580592757,24.52247580592757
1,9.0,2246.28,1120.22,9.0,2246.28,9.0,0,0,,100,1020.22,"(0, 100]",1132.4627065471725,-12.242706547172475,12.242706547172475
11,706.0,1508.23,2030.59,64.18181818181819,137.1118181818182,64.18181818181819,0,0,very_high,1100,930.5899999999999,"(600, 800]",1846.1559732547964,184.43402674520348,184.43402674520348
10,976.0,2166.02,1775.03,97.6,216.602,97.6,0,0,,1000,775.03,"(800, 1000]",1820.0736703385992,-45.04367033859921,45.04367033859921
5,1028.0,653.19,1313.95,205.6,130.638,205.6,1,1,high,500,813.95,,1249.9649036725175,63.98509632748255,63.98509632748255
8,1166.0,99.47,1149.07,145.75,12.43375,145.75,0,0,low,800,349.06999999999994,,1142.488625252843,6.581374747157042,6.581374747157042
12,882.0,1958.14,1944.88,73.5,163.17833333333334,73.5,0,0,very_high,1200,744.8800000000001,"(800, 1000]",1882.2223970506816,62.657602949318516,62.657602949318516
11,448.0,732.79,1090.35,40.72727272727273,66.61727272727272,40.72727272727273,0,0,high,1100,-9.650000000000091,"(400, 600]",1166.7680641668837,-76.41806416688382,76.41806416688382
7,623.0,1691.39,1800.86,89.0,241.62714285714287,89.0,0,0,very_high,700,1100.86,"(600, 800]",1705.3686559191297,95.49134408087025,95.49134408087025
3,127.0,293.49,303.2,42.333333333333336,97.83,42.333333333333336,0,0,medium,300,3.1999999999999886,"(100, 200]",336.3012403084262,-33.10124030842621,33.10124030842621
12,218.0,486.02,1005.67,18.166666666666668,40.501666666666665,18.166666666666668,0,0,medium_high,1200,-194.33000000000004,"(200, 400]",959.6654476468688,46.0045523531312,46.0045523531312
3,1166.0,530.44,785.59,388.6666666666667,176.81333333333336,388.6666666666667,0,0,medium_high,300,485.59000000000003,,833.6409245862835,-48.050924586283486,48.050924586283486
11,17.0,550.58,830.07,1.5454545454545454,50.052727272727275,1.5454545454545454,0,0,medium_high,1100,-269.92999999999995,"(0, 100]",858.3818501927911,-28.3118501927911,28.3118501927911
9,696.0,1749.97,1649.49,77.33333333333333,194.44111111111113,77.33333333333333,0,0,very_high,900,749.49,"(600, 800]",1727.8755911163912,-78.3855911163912,78.3855911163912
4,305.0,125.79,664.43,76.25,31.4475,76.25,0,0,medium,400,264.42999999999995,"(200, 400]",617.7895590311063,46.6404409688937,46.6404409688937
12,104.0,1300.05,1779.92,8.666666666666666,108.33749999999999,8.666666666666666,0,0,very_high,1200,579.9200000000001,"(100, 200]",1665.9008021885684,114.0191978114317,114.0191978114317
1,303.0,931.53,857.42,303.0,931.53,303.0,0,0,very_high,100,757.42,"(200, 400]",875.3939621105769,-17.973962110576963,17.973962110576963
8,1012.0,2390.84,1732.12,126.5,298.855,126.5,0,0,,800,932.1199999999999,,1804.7451518886671,-72.62515188866723,72.62515188866723
9,938.0,2224.29,1913.87,104.22222222222223,247.14333333333332,104.22222222222223,0,0,,900,1013.8699999999999,"(800, 1000]",1828.049973589542,85.82002641045779,85.82002641045779
3,471.0,288.19,535.67,157.0,96.06333333333333,157.0,0,0,medium,300,235.66999999999996,"(400, 600]",533.1587928052335,2.5112071947664845,2.5112071947664845
5,72.0,977.67,1156.55,14.4,195.534,14.4,1,0,very_high,500,656.55,"(0, 100]",1144.591188865786,11.958811134213875,11.958811134213875
10,160.0,2272.56,1642.15,16.0,227.256,16.0,0,0,,1000,642.1500000000001,"(100, 200]",1557.659727507378,84.49027249262213,84.49027249262213
10,965.0,1851.28,1805.77,96.5,185.128,96.5,0,0,very_high,1000,805.77,"(800, 1000]",1826.8808239064558,-21.110823906455835,21.110823906455835
3,266.0,2178.16,1447.95,88.66666666666667,726.0533333333333,88.66666666666667,0,0,,300,1147.95,"(200, 400]",1375.0424531300225,72.90754686997752,72.90754686997752
12,734.0,2491.82,1792.31,61.166666666666664,207.65166666666667,61.166666666666664,0,0,,1200,592.31,"(600, 800]",1784.0587822214136,8.251217778586351,8.251217778586351
12,64.0,1641.01,1710.72,5.333333333333333,136.75083333333333,5.333333333333333,0,0,very_high,1200,510.72,"(0, 100]",1675.7705553464546,34.94944465354547,34.94944465354547
9,497.0,1845.08,1674.09,55.22222222222222,205.0088888888889,55.22222222222222,0,0,very_high,900,774.0899999999999,"(400, 600]",1590.8059346407201,83.2840653592798,83.2840653592798
3,781.0,1801.38,1586.21,260.3333333333333,600.46,260.3333333333333,0,0,very_high,300,1286.21,"(600, 800]",1532.7162051875744,53.493794812425676,53.493794812425676
3,158.0,1070.74,1183.16,52.666666666666664,356.91333333333336,52.666666666666664,0,0,very_high,300,883.1600000000001,"(100, 200]",1085.9415190007715,97.21848099922863,97.21848099922863
3,1096.0,200.27,802.96,365.3333333333333,66.75666666666667,365.3333333333333,0,0,medium,300,502.96000000000004,,745.3158288527508,57.64417114724927,57.64417114724927
11,1116.0,2067.8,1987.44,101.45454545454545,187.9818181818182,101.45454545454545,0,0,,1100,887.44,,1884.841197285593,102.59880271440716,102.59880271440716
10,831.0,39.86,982.64,83.1,3.9859999999999998,83.1,0,0,very_low,1000,-17.360000000000014,"(800, 1000]",1081.7250034673416,-99.08500346734161,99.08500346734161
14,124.0,1064.64,1761.68,8.857142857142858,76.0457142857143,8.857142857142858,0,0,very_high,1400,361.68000000000006,"(100, 200]",1635.3648433895346,126.31515661046546,126.31515661046546
4,10.0,1262.73,1261.41,2.5,315.6825,2.5,0,0,very_high,400,861.4100000000001,"(0, 100]",1249.6489910679688,11.761008932031245,11.761008932031245
5,955.0,106.86,897.78,191.0,21.372,191.0,1,1,medium,500,397.78,"(800, 1000]",959.5976457297243,-61.81764572972429,61.81764572972429
7,1176.0,2489.13,1921.16,168.0,355.59000000000003,168.0,0,0,,700,1221.16,,1900.1956964833034,20.964303516696646,20.964303516696646
6,803.0,465.6,1012.0,133.83333333333334,77.60000000000001,133.83333333333334,0,0,medium_high,600,412.0,"(800, 1000]",1039.1902012002363,-27.190201200236288,27.190201200236288
9,868.0,62.12,1022.81,96.44444444444444,6.902222222222222,96.44444444444444,0,0,low,900,122.80999999999995,"(800, 1000]",1189.4855742360228,-166.67557423602284,166.67557423602284
1,181.0,128.05,225.12,181.0,128.05,181.0,0,1,medium,100,125.12,"(100, 200]",248.57269323175427,-23.452693231754267,23.452693231754267
3,70.0,631.88,564.16,23.333333333333332,210.62666666666667,23.333333333333332,0,0,high,300,264.15999999999997,"(0, 100]",507.51267264179194,56.64732735820803,56.64732735820803
8,1090.0,419.76,1189.47,136.25,52.47,136.25,0,0,medium_high,800,389.47,,1204.3903140821649,-14.92031408216485,14.92031408216485
14,1184.0,2269.89,1943.24,84.57142857142857,162.135,84.57142857142857,0,0,,1400,543.24,,1966.2405499202696,-23.000549920269577,23.000549920269577
1,735.0,1676.9,1365.21,735.0,1676.9,735.0,0,0,very_high,100,1265.21,"(600, 800]",1398.85292176242,-33.642921762419974,33.642921762419974
2,547.0,119.09,509.52,273.5,59.545,273.5,0,0,medium,200,309.52,"(400, 600]",516.9837378644667,-7.46373786446668,7.46373786446668
11,265.0,218.66,949.34,24.09090909090909,19.87818181818182,24.09090909090909,0,0,medium,1100,-150.65999999999997,"(200, 400]",938.8060909108427,10.533909089157305,10.533909089157305
10,223.0,886.32,1305.54,22.3,88.632,22.3,0,0,very_high,1000,305.53999999999996,"(200, 400]",1298.8472470320207,6.6927529679792315,6.6927529679792315
12,959.0,1947.82,1833.24,79.91666666666667,162.31833333333333,79.91666666666667,0,0,very_high,1200,633.24,"(800, 1000]",1894.9188345857685,-61.67883458576853,61.67883458576853
11,498.0,1578.39,1793.52,45.27272727272727,143.49,45.27272727272727,0,0,very_high,1100,693.52,"(400, 600]",1718.2518858866888,75.26811411331119,75.26811411331119
14,127.0,988.4,1688.9,9.071428571428571,70.6,9.071428571428571,0,0,very_high,1400,288.9000000000001,"(100, 200]",1604.360156442421,84.53984355757916,84.53984355757916
3,621.0,214.08,779.66,207.0,71.36,207.0,0,1,medium,300,479.65999999999997,"(600, 800]",693.2866891887138,86.37331081128616,86.37331081128616
6,1193.0,2241.5,1839.47,198.83333333333334,373.5833333333333,198.83333333333334,0,1,,600,1239.47,,1838.9854838399929,0.4845161600071606,0.4845161600071606
4,448.0,2055.97,1497.46,112.0,513.9925,112.0,0,0,,400,1097.46,"(400, 600]",1496.9945776035936,0.46542239640643857,0.46542239640643857
8,466.0,2064.63,1558.12,58.25,258.07875,58.25,0,0,,800,758.1199999999999,"(400, 600]",1547.2633434993486,10.856656500651297,10.856656500651297
12,229.0,1216.16,1696.65,19.083333333333332,101.34666666666668,19.083333333333332,0,0,very_high,1200,496.6500000000001,"(200, 400]",1658.1546928914963,38.495307108503766,38.495307108503766
13,658.0,559.48,1573.12,50.61538461538461,43.03692307692308,50.61538461538461,0,0,medium_high,1300,273.1199999999999,"(600, 800]",1468.7970146975365,104.3229853024634,104.3229853024634
13,1034.0,2477.98,1842.24,79.53846153846153,190.61384615384617,79.53846153846153,0,0,,1300,542.24,,1863.4250373591017,-21.18503735910167,21.18503735910167
4,842.0,2464.29,1611.66,210.5,616.0725,210.5,0,1,,400,1211.66,"(800, 1000]",1565.3745714719857,46.285428528014336,46.285428528014336
13,837.0,1218.93,1921.68,64.38461538461539,93.76384615384616,64.38461538461539,0,0,very_high,1300,621.6800000000001,"(800, 1000]",1966.4304471668931,-44.75044716689308,44.75044716689308
11,927.0,1306.37,1804.68,84.27272727272727,118.76090909090908,84.27272727272727,0,0,very_high,1100,704.6800000000001,"(800, 1000]",1908.6156655619527,-103.93566556195265,103.93566556195265
4,1047.0,1657.68,1605.84,261.75,414.42,261.75,0,0,very_high,400,1205.84,,1576.2716035505136,29.568396449486272,29.568396449486272
4,262.0,1681.28,1435.34,65.5,420.32,65.5,0,0,very_high,400,1035.34,"(200, 400]",1416.9812345475996,18.35876545240035,18.35876545240035
7,1126.0,1103.75,2014.72,160.85714285714286,157.67857142857142,160.85714285714286,0,0,very_high,700,1314.72,,2030.785997833692,-16.06599783369188,16.06599783369188
5,781.0,672.91,1125.36,156.2,134.582,156.2,1,0,high,500,625.3599999999999,"(600, 800]",1216.238787184168,-90.878787184168,90.878787184168
5,831.0,591.65,1090.31,166.2,118.33,166.2,1,0,medium_high,500,590.31,"(800, 1000]",1168.1160356484843,-77.80603564848434,77.80603564848434
7,1089.0,1026.25,2132.85,155.57142857142858,146.60714285714286,155.57142857142858,0,0,very_high,700,1432.85,,2030.785997833692,102.064002166308,102.064002166308
1,793.0,2171.07,1421.36,793.0,2171.07,793.0,0,0,,100,1321.36,"(600, 800]",1396.300113705762,25.059886294237913,25.059886294237913
9,368.0,495.12,847.33,40.888888888888886,55.013333333333335,40.888888888888886,0,0,medium_high,900,-52.66999999999996,"(200, 400]",865.969646342815,-18.639646342815013,18.639646342815013
6,818.0,1130.38,1704.06,136.33333333333334,188.39666666666668,136.33333333333334,0,0,very_high,600,1104.06,"(800, 1000]",1713.3210991246742,-9.261099124674274,9.261099124674274
11,667.0,1915.95,1732.2,60.63636363636363,174.17727272727274,60.63636363636363,0,0,very_high,1100,632.2,"(600, 800]",1754.05639922723,-21.856399227229986,21.856399227229986
2,267.0,2116.93,1349.04,133.5,1058.465,133.5,0,0,,200,1149.04,"(200, 400]",1369.884855127347,-20.844855127347046,20.844855127347046
10,1083.0,2105.36,1844.58,108.3,210.536,108.3,0,0,,1000,844.5799999999999,,1895.7613255754243,-51.18132557542435,51.18132557542435
13,529.0,1767.79,2015.18,40.69230769230769,135.98384615384614,40.69230769230769,0,0,very_high,1300,715.1800000000001,"(400, 600]",1933.4807488663491,81.69925113365093,81.69925113365093
9,1155.0,1346.4,2248.12,128.33333333333334,149.60000000000002,128.33333333333334,0,0,very_high,900,1348.12,,2092.9231559213727,155.19684407862724,155.19684407862724
7,1185.0,1768.01,2072.18,169.28571428571428,252.57285714285715,169.28571428571428,0,0,very_high,700,1372.1799999999998,,1942.4916532225056,129.6883467774942,129.6883467774942
5,763.0,1420.94,1777.14,152.6,284.188,152.6,1,0,very_high,500,1277.14,"(600, 800]",1715.075193145336,62.064806854664084,62.064806854664084
7,368.0,1231.69,1550.04,52.57142857142857,175.9557142857143,52.57142857142857,0,0,very_high,700,850.04,"(200, 400]",1490.4705370827262,59.56946291727377,59.56946291727377
6,659.0,322.1,972.58,109.83333333333333,53.68333333333334,109.83333333333333,0,0,medium_high,600,372.58000000000004,"(600, 800]",997.3502142324874,-24.77021423248732,24.77021423248732
14,1138.0,518.18,1696.86,81.28571428571429,37.012857142857136,81.28571428571429,0,0,medium_high,1400,296.8599999999999,,1582.3528267123747,114.50717328762516,114.50717328762516
6,172.0,1977.78,1603.89,28.666666666666668,329.63,28.666666666666668,0,0,very_high,600,1003.8900000000001,"(100, 200]",1520.8022533577946,83.0877466422055,83.0877466422055
6,628.0,311.47,903.3,104.66666666666667,51.91166666666667,104.66666666666667,0,0,medium_high,600,303.29999999999995,"(600, 800]",997.3502142324874,-94.0502142324874,94.0502142324874
2,500.0,1246.48,1264.53,250.0,623.24,250.0,0,0,very_high,200,1064.53,"(400, 600]",1328.2750364191477,-63.74503641914771,63.74503641914771
8,7.0,2075.6,1422.12,0.875,259.45,0.875,0,0,,800,622.1199999999999,"(0, 100]",1436.928012969277,-14.808012969277115,14.808012969277115
5,942.0,2092.87,1696.72,188.4,418.57399999999996,188.4,1,1,,500,1196.72,"(800, 1000]",1724.7690214859767,-28.04902148597671,28.04902148597671
12,81.0,2485.34,1589.65,6.75,207.11166666666668,6.75,0,0,,1200,389.6500000000001,"(0, 100]",1608.1184656189516,-18.46846561895154,18.46846561895154
4,166.0,791.52,866.18,41.5,197.88,41.5,0,0,high,400,466.17999999999995,"(100, 200]",711.0331419571098,155.14685804289013,155.14685804289013
3,213.0,1724.85,1344.71,71.0,574.9499999999999,71.0,0,0,very_high,300,1044.71,"(200, 400]",1375.0424531300225,-30.332453130022486,30.332453130022486
11,1004.0,167.15,1175.65,91.27272727272727,15.195454545454545,91.27272727272727,0,0,medium,1100,75.65000000000009,,1246.192878265009,-70.542878265009,70.542878265009
5,116.0,478.1,624.04,23.2,95.62,23.2,1,0,medium_high,500,124.03999999999996,"(100, 200]",579.9961603193692,44.043839680630754,44.043839680630754
13,112.0,2299.56,1807.67,8.615384615384615,176.88923076923078,8.615384615384615,0,0,,1300,507.6700000000001,"(100, 200]",1721.109042542593,86.56095745740708,86.56095745740708
1,43.0,2149.22,1134.47,43.0,2149.22,43.0,0,0,,100,1034.47,"(0, 100]",1029.759514929903,104.71048507009709,104.71048507009709
2,660.0,1944.4,1531.2,330.0,972.2,330.0,0,0,very_high,200,1331.2,"(600, 800]",1493.503942794778,37.69605720522213,37.69605720522213
10,888.0,298.68,1171.54,88.8,29.868000000000002,88.8,0,0,medium,1000,171.53999999999996,"(800, 1000]",1206.0558487153012,-34.51584871530122,34.51584871530122
10,860.0,2380.76,1759.97,86.0,238.07600000000002,86.0,0,0,,1000,759.97,"(800, 1000]",1816.1569061907207,-56.18690619072072,56.18690619072072
10,1187.0,1981.09,2013.21,118.7,198.10899999999998,118.7,0,0,very_high,1000,1013.21,,1941.5296407425762,71.68035925742379,71.68035925742379
12,1139.0,124.65,1314.3,94.91666666666667,10.387500000000001,94.91666666666667,0,0,medium,1200,114.29999999999995,,1339.4687046227864,-25.168704622786436,25.168704622786436
5,966.0,359.51,927.98,193.2,71.902,193.2,1,1,medium_high,500,427.98,"(800, 1000]",1006.5390923468135,-78.55909234681349,78.55909234681349
10,796.0,1352.08,2000.19,79.6,135.208,79.6,0,0,very_high,1000,1000.19,"(600, 800]",1833.0433861904098,167.14661380959024,167.14661380959024
9,72.0,1281.32,1515.54,8.0,142.36888888888888,8.0,0,0,very_high,900,615.54,"(0, 100]",1552.4510893828128,-36.91108938281286,36.91108938281286
10,215.0,2440.91,1638.66,21.5,244.09099999999998,21.5,0,0,,1000,638.6600000000001,"(200, 400]",1583.0728816236856,55.58711837631449,55.58711837631449
7,671.0,1297.02,1703.2,95.85714285714286,185.28857142857143,95.85714285714286,0,0,very_high,700,1003.2,"(600, 800]",1665.241623408364,37.958376591636124,37.958376591636124
5,230.0,333.69,538.36,46.0,66.738,46.0,1,0,medium_high,500,38.360000000000014,"(200, 400]",603.9037044014765,-65.54370440147648,65.54370440147648
5,467.0,1243.31,1549.82,93.4,248.66199999999998,93.4,1,0,very_high,500,1049.82,"(400, 600]",1348.9030599805535,200.91694001944643,200.91694001944643
13,247.0,2339.61,1705.9,19.0,179.97,19.0,0,0,,1300,405.9000000000001,"(200, 400]",1746.1888485702982,-40.288848570298114,40.288848570298114
14,777.0,1248.61,1837.25,55.5,89.18642857142856,55.5,0,0,very_high,1400,437.25,"(600, 800]",1948.2132125555904,-110.96321255559042,110.96321255559042
11,740.0,1171.99,902.09,67.27272727272727,106.54454545454546,67.27272727272727,0,0,very_high,1100,-197.90999999999997,"(600, 800]",1432.620184752503,-530.530184752503,530.530184752503
6,884.0,1798.31,1897.87,147.33333333333334,299.7183333333333,147.33333333333334,0,0,very_high,600,1297.87,"(800, 1000]",1797.7890391691099,100.08096083089004,100.08096083089004
5,789.0,1853.31,1792.88,157.8,370.662,157.8,1,0,very_high,500,1292.88,"(600, 800]",1713.3269346060256,79.55306539397452,79.55306539397452
4,825.0,874.99,784.52,206.25,218.7475,206.25,0,1,very_high,400,384.52,"(800, 1000]",1083.6203266199727,-299.10032661997275,299.10032661997275
2,301.0,769.23,731.28,150.5,384.615,150.5,0,0,high,200,531.28,"(200, 400]",753.1254564958612,-21.845456495861185,21.845456495861185
12,1007.0,1353.77,1925.32,83.91666666666667,112.81416666666667,83.91666666666667,0,0,very_high,1200,725.3199999999999,,2001.4908886967235,-76.17088869672352,76.17088869672352
5,865.0,644.79,1202.46,173.0,128.958,173.0,1,0,high,500,702.46,"(800, 1000]",1231.9793378906263,-29.519337890626275,29.519337890626275
14,81.0,1251.97,1682.62,5.785714285714286,89.42642857142857,5.785714285714286,0,0,very_high,1400,282.6199999999999,"(0, 100]",1708.7219753487402,-26.101975348740325,26.101975348740325
8,1159.0,2175.27,1752.18,144.875,271.90875,144.875,0,0,,800,952.1800000000001,,1818.4746064308163,-66.2946064308162,66.2946064308162
11,496.0,373.98,1152.99,45.09090909090909,33.99818181818182,45.09090909090909,0,0,medium_high,1100,52.99000000000001,"(400, 600]",1042.9787165349403,110.0112834650597,110.0112834650597
1,752.0,1632.35,1362.39,752.0,1632.35,752.0,0,0,very_high,100,1262.39,"(600, 800]",1409.311194857944,-46.921194857943874,46.921194857943874
5,1014.0,1853.57,1749.31,202.8,370.714,202.8,1,1,very_high,500,1249.31,,1743.519500966207,5.790499033792912,5.790499033792912
9,686.0,145.66,972.95,76.22222222222223,16.184444444444445,76.22222222222223,0,0,medium,900,72.95000000000005,"(600, 800]",1023.8571540451169,-50.90715404511684,50.90715404511684
5,654.0,1272.89,1724.68,130.8,254.57800000000003,130.8,1,0,very_high,500,1224.68,"(600, 800]",1601.5274678902563,123.15253210974379,123.15253210974379
8,621.0,2391.34,1593.12,77.625,298.9175,77.625,0,0,,800,793.1199999999999,"(600, 800]",1629.6275081005883,-36.50750810058844,36.50750810058844
9,1080.0,539.51,1306.91,120.0,59.94555555555556,120.0,0,0,medium_high,900,406.9100000000001,,1375.6728768003602,-68.76287680036012,68.76287680036012
10,714.0,269.06,1067.81,71.4,26.906,71.4,0,0,medium,1000,67.80999999999995,"(600, 800]",1056.3053998416678,11.504600158332096,11.504600158332096
10,816.0,1425.64,1872.81,81.6,142.56400000000002,81.6,0,0,very_high,1000,872.81,"(800, 1000]",1876.5150665228973,-3.7050665228973685,3.7050665228973685
14,1122.0,1766.25,2239.35,80.14285714285714,126.16071428571429,80.14285714285714,0,0,very_high,1400,839.3499999999999,,2116.792092383639,122.55790761636081,122.55790761636081
4,1202.0,1074.87,1501.24,300.5,268.7175,300.5,0,0,very_high,400,1101.24,,1578.5537032009968,-77.31370320099677,77.31370320099677
5,651.0,1573.3,1682.08,130.2,314.65999999999997,130.2,1,0,very_high,500,1182.08,"(600, 800]",1668.4614360277033,13.61856397229667,13.61856397229667
14,1100.0,237.69,1265.57,78.57142857142857,16.977857142857143,78.57142857142857,0,0,medium,1400,-134.43000000000006,,1380.414162152648,-114.8441621526481,114.8441621526481
14,296.0,485.68,924.9,21.142857142857142,34.691428571428574,21.142857142857142,0,0,medium_high,1400,-475.1,"(200, 400]",1010.6236786086984,-85.72367860869838,85.72367860869838
1,697.0,2148.5,1421.07,697.0,2148.5,697.0,0,0,,100,1321.07,"(600, 800]",1398.85292176242,22.217078237579926,22.217078237579926
6,1044.0,47.46,1133.45,174.0,7.91,174.0,0,0,very_low,600,533.45,,1129.562247665384,3.8877523346161524,3.8877523346161524
12,398.0,2481.44,1755.18,33.166666666666664,206.78666666666666,33.166666666666664,0,0,,1200,555.1800000000001,"(200, 400]",1682.1909475091786,72.98905249082145,72.98905249082145
3,139.0,2428.89,1345.66,46.333333333333336,809.63,46.333333333333336,0,0,,300,1045.66,"(100, 200]",1357.0164275366283,-11.356427536628189,11.356427536628189
6,84.0,852.7,1109.32,14.0,142.11666666666667,14.0,0,0,very_high,600,509.31999999999994,"(0, 100]",1065.875849607081,43.44415039291903,43.44415039291903
2,423.0,1639.17,1367.64,211.5,819.585,211.5,0,1,very_high,200,1167.64,"(400, 600]",1396.4284069390958,-28.788406939095694,28.788406939095694
11,815.0,2385.6,1872.44,74.0909090909091,216.87272727272727,74.0909090909091,0,0,,1100,772.44,"(800, 1000]",1810.8495513047562,61.59044869524382,61.59044869524382
6,577.0,897.74,1257.31,96.16666666666667,149.62333333333333,96.16666666666667,0,0,very_high,600,657.31,"(400, 600]",1312.0888628162525,-54.77886281625251,54.77886281625251
8,200.0,1508.89,1461.33,25.0,188.61125,25.0,0,0,very_high,800,661.3299999999999,"(100, 200]",1471.7871418797863,-10.457141879786377,10.457141879786377
9,1102.0,540.6,1455.85,122.44444444444444,60.06666666666667,122.44444444444444,0,0,medium_high,900,555.8499999999999,,1375.6728768003602,80.17712319963971,80.17712319963971
12,508.0,1970.54,1770.91,42.333333333333336,164.21166666666667,42.333333333333336,0,0,very_high,1200,570.9100000000001,"(400, 600]",1784.9806909296487,-14.070690929648663,14.070690929648663
13,1024.0,1712.85,2097.69,78.76923076923077,131.7576923076923,78.76923076923077,0,0,very_high,1300,797.69,,2116.792092383639,-19.102092383639047,19.102092383639047
7,1161.0,1499.97,1862.45,165.85714285714286,214.28142857142856,165.85714285714286,0,0,very_high,700,1162.45,,1905.0037373596756,-42.55373735967555,42.55373735967555
2,730.0,285.24,624.78,365.0,142.62,365.0,0,0,medium,200,424.78,"(600, 800]",635.0749477109346,-10.294947710934593,10.294947710934593
13,996.0,1809.2,1956.89,76.61538461538461,139.16923076923078,76.61538461538461,0,0,very_high,1300,656.8900000000001,"(800, 1000]",1985.7833859258938,-28.893385925893654,28.893385925893654
5,1160.0,1901.83,1673.89,232.0,380.366,232.0,1,0,very_high,500,1173.89,,1718.4273868963037,-44.53738689630359,44.53738689630359
2,1139.0,306.43,726.14,569.5,153.215,569.5,0,0,medium_high,200,526.14,,699.1562941127861,26.983705887213887,26.983705887213887
14,191.0,2442.76,1798.47,13.642857142857142,174.48285714285717,13.642857142857142,0,0,,1400,398.47,"(100, 200]",1750.5720142139673,47.89798578603268,47.89798578603268
7,776.0,2447.82,1826.93,110.85714285714286,349.68857142857144,110.85714285714286,0,0,,700,1126.93,"(600, 800]",1816.0088853725686,10.921114627431507,10.921114627431507
14,414.0,1919.7,1918.89,29.571428571428573,137.12142857142857,29.571428571428573,0,0,very_high,1400,518.8900000000001,"(400, 600]",1823.4164028115242,95.47359718847588,95.47359718847588
7,847.0,1994.62,1851.7,121.0,284.94571428571425,121.0,0,0,very_high,700,1151.7,"(800, 1000]",1874.6544754564072,-22.95447545640718,22.95447545640718
6,924.0,1227.21,1871.76,154.0,204.535,154.0,0,0,very_high,600,1271.76,"(800, 1000]",1770.9803567246413,100.7796432753587,100.7796432753587
2,933.0,1589.58,1489.99,466.5,794.79,466.5,0,0,very_high,200,1289.99,"(800, 1000]",1478.8518109921952,11.13818900780484,11.13818900780484
1,211.0,958.08,891.9,211.0,958.08,211.0,0,1,very_high,100,791.9,"(200, 400]",904.9650240368779,-13.065024036877958,13.065024036877958
10,773.0,865.92,1837.11,77.3,86.592,77.3,0,0,very_high,1000,837.1099999999999,"(600, 800]",1645.5435978201876,191.56640217981226,191.56640217981226
3,196.0,1211.68,1229.87,65.33333333333333,403.8933333333334,65.33333333333333,0,0,very_high,300,929.8699999999999,"(100, 200]",1244.240719969916,-14.370719969916081,14.370719969916081
14,49.0,954.02,1480.87,3.5,68.14428571428572,3.5,0,0,very_high,1400,80.86999999999989,"(0, 100]",1472.3551524624531,8.514847537546757,8.514847537546757
5,477.0,655.24,935.38,95.4,131.048,95.4,1,0,high,500,435.38,"(400, 600]",902.2222992123642,33.157700787635804,33.157700787635804
5,828.0,1606.84,1690.82,165.6,321.368,165.6,1,0,very_high,500,1190.82,"(800, 1000]",1722.4680008219152,-31.648000821915275,31.648000821915275
11,458.0,1364.29,1649.04,41.63636363636363,124.02636363636363,41.63636363636363,0,0,very_high,1100,549.04,"(400, 600]",1652.7124824967957,-3.6724824967957375,3.6724824967957375
3,289.0,1245.67,1279.31,96.33333333333333,415.22333333333336,96.33333333333333,0,0,very_high,300,979.31,"(200, 400]",1307.3847809127863,-28.07478091278631,28.07478091278631
1,1060.0,501.67,658.14,1060.0,501.67,1060.0,0,0,medium_high,100,558.14,,645.4045658091184,12.73543419088162,12.73543419088162
5,1085.0,2486.43,1664.83,217.0,497.28599999999994,217.0,1,1,,500,1164.83,,1709.895963492088,-45.06596349208803,45.06596349208803
4,675.0,381.48,779.68,168.75,95.37,168.75,0,0,medium_high,400,379.67999999999995,"(600, 800]",802.9504917638543,-23.270491763854352,23.270491763854352
8,415.0,1214.97,1473.75,51.875,151.87125,51.875,0,0,very_high,800,673.75,"(400, 600]",1542.5621781675306,-68.81217816753065,68.81217816753065
6,425.0,709.75,1114.9,70.83333333333333,118.29166666666667,70.83333333333333,0,0,high,600,514.9000000000001,"(400, 600]",1056.404018140011,58.495981859989115,58.495981859989115
7,313.0,2408.02,1637.65,44.714285714285715,344.0028571428571,44.714285714285715,0,0,,700,937.6500000000001,"(200, 400]",1577.2270605552044,60.4229394447957,60.4229394447957
13,235.0,426.07,897.26,18.076923076923077,32.77461538461539,18.076923076923077,0,0,medium_high,1300,-402.74,"(200, 400]",970.3567092630625,-73.09670926306251,73.09670926306251
7,635.0,1406.31,1630.66,90.71428571428571,200.90142857142857,90.71428571428571,0,0,very_high,700,930.6600000000001,"(600, 800]",1667.6946201893825,-37.034620189382395,37.034620189382395
10,1009.0,2164.22,1889.87,100.9,216.42199999999997,100.9,0,0,,1000,889.8699999999999,,1865.8886826957314,23.981317304268487,23.981317304268487
3,692.0,450.7,748.57,230.66666666666666,150.23333333333332,230.66666666666666,0,0,medium_high,300,448.57000000000005,"(600, 800]",759.747715878074,-11.177715878073968,11.177715878073968
2,91.0,1073.76,1013.78,45.5,536.88,45.5,0,0,very_high,200,813.78,"(0, 100]",1054.9431799402594,-41.1631799402594,41.1631799402594
8,1187.0,1045.91,2047.06,148.375,130.73875,148.375,0,0,very_high,800,1247.06,,2046.8530813057537,0.2069186942462693,0.2069186942462693
14,600.0,1120.05,1847.84,42.857142857142854,80.00357142857142,42.857142857142854,0,0,very_high,1400,447.8399999999999,"(400, 600]",1804.9065384253508,42.93346157464907,42.93346157464907
5,210.0,710.49,483.34,42.0,142.098,42.0,1,0,high,500,-16.660000000000025,"(200, 400]",740.1764811092849,-256.8364811092849,256.8364811092849
12,10.0,1203.1,1564.9,0.8333333333333334,100.25833333333333,0.8333333333333334,0,0,very_high,1200,364.9000000000001,"(0, 100]",1602.3209384207642,-37.42093842076406,37.42093842076406
1,452.0,275.05,282.89,452.0,275.05,452.0,0,0,medium,100,182.89,"(400, 600]",261.25518497142826,21.634815028571722,21.634815028571722
4,256.0,2218.74,1476.03,64.0,554.685,64.0,0,0,,400,1076.03,"(200, 400]",1411.7125620519382,64.31743794806175,64.31743794806175
8,312.0,2383.17,1557.27,39.0,297.89625,39.0,0,0,,800,757.27,"(200, 400]",1538.8028841310427,18.467115868957308,18.467115868957308
2,1175.0,816.2,1237.62,587.5,408.1,587.5,0,0,very_high,200,1037.62,,1159.0942186713103,78.52578132868962,78.52578132868962
11,960.0,383.64,1248.46,87.27272727272727,34.876363636363635,87.27272727272727,0,0,medium_high,1100,148.46000000000004,"(800, 1000]",1268.6147234479984,-20.15472344799832,20.15472344799832
6,690.0,1009.37,1559.83,115.0,168.22833333333332,115.0,0,0,very_high,600,959.8299999999999,"(600, 800]",1550.393878202734,9.436121797265969,9.436121797265969
14,487.0,579.29,1516.68,34.785714285714285,41.37785714285714,34.785714285714285,0,0,medium_high,1400,116.68000000000006,"(400, 600]",1385.2363037129344,131.44369628706568,131.44369628706568
8,75.0,315.71,593.83,9.375,39.46375,9.375,0,0,medium_high,800,-206.16999999999996,"(0, 100]",613.0828692338052,-19.2528692338052,19.2528692338052
13,360.0,271.93,1017.64,27.692307692307693,20.91769230769231,27.692307692307693,0,0,medium,1300,-282.36,"(200, 400]",1014.9797287729681,2.660271227031899,2.660271227031899
11,708.0,1871.77,1916.37,64.36363636363636,170.1609090909091,64.36363636363636,0,0,very_high,1100,816.3699999999999,"(600, 800]",1807.1487042852198,109.22129571478013,109.22129571478013
3,182.0,347.82,384.77,60.666666666666664,115.94,60.666666666666664,0,0,medium_high,300,84.76999999999998,"(100, 200]",416.28704524737935,-31.51704524737937,31.51704524737937
10,683.0,2442.92,1643.68,68.3,244.292,68.3,0,0,,1000,643.6800000000001,"(600, 800]",1692.9992392773836,-49.31923927738353,49.31923927738353
5,392.0,1264.6,1465.72,78.4,252.92,78.4,1,0,very_high,500,965.72,"(200, 400]",1450.4550552772816,15.264944722718383,15.264944722718383
10,175.0,1443.25,1635.5,17.5,144.325,17.5,0,0,very_high,1000,635.5,"(100, 200]",1625.159046652331,10.340953347669029,10.340953347669029
7,577.0,1959.13,1603.6,82.42857142857143,279.8757142857143,82.42857142857143,0,0,very_high,700,903.5999999999999,"(400, 600]",1684.8814233724233,-81.28142337242343,81.28142337242343
13,799.0,951.92,1793.36,61.46153846153846,73.22461538461538,61.46153846153846,0,0,very_high,1300,493.3599999999999,"(600, 800]",1799.0928492839264,-5.732849283926498,5.732849283926498
13,608.0,370.89,1170.54,46.76923076923077,28.529999999999998,46.76923076923077,0,0,medium_high,1300,-129.46000000000004,"(600, 800]",1145.3777719719953,25.16222802800462,25.16222802800462
7,194.0,202.49,686.23,27.714285714285715,28.927142857142858,27.714285714285715,0,0,medium,700,-13.769999999999982,"(100, 200]",711.3820755923381,-25.152075592338065,25.152075592338065
13,889.0,232.72,1394.38,68.38461538461539,17.90153846153846,68.38461538461539,0,0,medium,1300,94.38000000000011,"(800, 1000]",1344.2764764724936,50.10352352750647,50.10352352750647
7,901.0,136.8,1222.6,128.71428571428572,19.542857142857144,128.71428571428572,0,0,medium,700,522.5999999999999,"(800, 1000]",1155.0323026587384,67.56769734126146,67.56769734126146
1,698.0,1525.82,1398.75,698.0,1525.82,698.0,0,0,very_high,100,1298.75,"(600, 800]",1398.85292176242,-0.10292176242001005,0.10292176242001005
9,592.0,793.55,1235.69,65.77777777777777,88.17222222222222,65.77777777777777,0,0,high,900,335.69000000000005,"(400, 600]",1268.4203491014734,-32.730349101473394,32.730349101473394
14,1015.0,871.76,1846.41,72.5,62.26857142857143,72.5,0,0,very_high,1400,446.4100000000001,,1882.7340934240508,-36.324093424050716,36.324093424050716
9,524.0,136.46,848.89,58.22222222222222,15.162222222222223,58.22222222222222,0,0,medium,900,-51.110000000000014,"(400, 600]",924.5562408682896,-75.6662408682896,75.6662408682896
5,781.0,2114.27,1789.85,156.2,422.854,156.2,1,0,,500,1289.85,"(600, 800]",1708.271442775657,81.57855722434283,81.57855722434283
3,200.0,58.24,494.63,66.66666666666667,19.413333333333334,66.66666666666667,0,0,low,300,194.63,"(100, 200]",394.311712564229,100.31828743577097,100.31828743577097
5,503.0,2335.55,1649.42,100.6,467.11,100.6,1,0,,500,1149.42,"(400, 600]",1540.665856107645,108.75414389235516,108.75414389235516
11,667.0,2221.67,1872.89,60.63636363636363,201.97,60.63636363636363,0,0,,1100,772.8900000000001,"(600, 800]",1725.5643490518537,147.3256509481464,147.3256509481464
7,336.0,1843.58,1691.68,48.0,263.36857142857144,48.0,0,0,very_high,700,991.6800000000001,"(200, 400]",1609.1591117993355,82.52088820066456,82.52088820066456
4,217.0,1506.46,1455.37,54.25,376.615,54.25,0,0,very_high,400,1055.37,"(200, 400]",1400.462281163712,54.90771883628781,54.90771883628781
8,207.0,1146.93,1479.01,25.875,143.36625,25.875,0,0,very_high,800,679.01,"(200, 400]",1440.8970306345525,38.1129693654475,38.1129693654475
7,690.0,1807.71,1710.98,98.57142857142857,258.2442857142857,98.57142857142857,0,0,very_high,700,1010.98,"(600, 800]",1714.58063435741,-3.6006343574099446,3.6006343574099446
2,251.0,1916.43,1285.2,125.5,958.215,125.5,0,0,very_high,200,1085.2,"(200, 400]",1369.884855127347,-84.68485512734696,84.68485512734696
4,627.0,956.98,1337.63,156.75,239.245,156.75,0,0,very_high,400,937.6300000000001,"(600, 800]",1278.28878479782,59.34121520218014,59.34121520218014
1,432.0,581.71,448.34,432.0,581.71,432.0,0,0,medium_high,100,348.34,"(400, 600]",446.7892818015366,1.5507181984633576,1.5507181984633576
4,1194.0,2250.51,1691.15,298.5,562.6275,298.5,0,0,,400,1291.15,,1624.5978337345043,66.55216626549577,66.55216626549577
10,64.0,455.9,774.64,6.4,45.589999999999996,6.4,0,0,medium_high,1000,-225.36,"(0, 100]",763.8842419395255,10.755758060474477,10.755758060474477
8,15.0,377.85,657.8,1.875,47.23125,1.875,0,0,medium_high,800,-142.20000000000005,"(0, 100]",610.035396852314,47.76460314768599,47.76460314768599
11,741.0,1207.39,1878.06,67.36363636363636,109.76272727272728,67.36363636363636,0,0,very_high,1100,778.06,"(600, 800]",1794.7753770498387,83.28462295016129,83.28462295016129
8,638.0,1007.48,1483.06,79.75,125.935,79.75,0,0,very_high,800,683.06,"(600, 800]",1602.4453824612892,-119.38538246128928,119.38538246128928
12,965.0,1700.28,1879.09,80.41666666666667,141.69,80.41666666666667,0,0,very_high,1200,679.0899999999999,"(800, 1000]",1933.9261035553452,-54.83610355534529,54.83610355534529
8,1182.0,990.07,1840.75,147.75,123.75875,147.75,0,0,very_high,800,1040.75,,1956.3703470103396,-115.62034701033963,115.62034701033963
13,1062.0,869.28,2090.54,81.6923076923077,66.86769230769231,81.6923076923077,0,0,very_high,1300,790.54,,1929.9784944170763,160.5615055829237,160.5615055829237
1,754.0,1220.47,1346.14,754.0,1220.47,754.0,0,0,very_high,100,1246.14,"(600, 800]",1339.3706921802402,6.769307819759888,6.769307819759888
14,767.0,186.47,1292.77,54.785714285714285,13.319285714285714,54.785714285714285,0,0,medium,1400,-107.23000000000002,"(600, 800]",1197.8845773358678,94.8854226641322,94.8854226641322
11,775.0,1752.23,1809.29,70.45454545454545,159.29363636363635,70.45454545454545,0,0,very_high,1100,709.29,"(600, 800]",1822.6963364056635,-13.406336405663524,13.406336405663524
8,592.0,1402.98,1561.41,74.0,175.3725,74.0,0,0,very_high,800,761.4100000000001,"(400, 600]",1586.776773469916,-25.36677346991587,25.36677346991587
6,957.0,727.75,1448.72,159.5,121.29166666666667,159.5,0,0,high,600,848.72,"(800, 1000]",1451.734864397728,-3.0148643977279335,3.0148643977279335
9,800.0,2167.72,1726.51,88.88888888888889,240.85777777777776,88.88888888888889,0,0,,900,826.51,"(600, 800]",1728.5498886888852,-2.039888688885185,2.039888688885185
6,1198.0,222.6,1107.96,199.66666666666666,37.1,199.66666666666666,0,1,medium,600,507.96000000000004,,1133.9206667519659,-25.960666751965846,25.960666751965846
3,1092.0,1737.65,1462.01,364.0,579.2166666666667,364.0,0,0,very_high,300,1162.01,,1479.7235555340799,-17.713555534079887,17.713555534079887
12,958.0,2499.84,1791.69,79.83333333333333,208.32000000000002,79.83333333333333,0,0,,1200,591.69,"(800, 1000]",1834.0552857538976,-42.365285753897524,42.365285753897524
11,955.0,1282.19,2000.42,86.81818181818181,116.56272727272727,86.81818181818181,0,0,very_high,1100,900.4200000000001,"(800, 1000]",1921.3121030970397,79.10789690296042,79.10789690296042
11,605.0,1880.69,1711.55,55.0,170.97181818181818,55.0,0,0,very_high,1100,611.55,"(600, 800]",1740.1807084463642,-28.630708446364224,28.630708446364224
7,670.0,1558.02,1702.81,95.71428571428571,222.5742857142857,95.71428571428571,0,0,very_high,700,1002.81,"(600, 800]",1714.58063435741,-11.770634357410017,11.770634357410017
11,844.0,1962.77,1787.57,76.72727272727273,178.43363636363637,76.72727272727273,0,0,very_high,1100,687.5699999999999,"(800, 1000]",1808.8770314854044,-21.307031485404423,21.307031485404423
3,718.0,1158.02,1416.98,239.33333333333334,386.00666666666666,239.33333333333334,0,0,very_high,300,1116.98,"(600, 800]",1413.3191945153274,3.6608054846726645,3.6608054846726645
6,323.0,1477.23,1608.55,53.833333333333336,246.205,53.833333333333336,0,0,very_high,600,1008.55,"(200, 400]",1591.344773005449,17.205226994550912,17.205226994550912
14,616.0,2374.41,1828.37,44.0,169.60071428571428,44.0,0,0,,1400,428.3699999999999,"(600, 800]",1888.5778149810942,-60.207814981094316,60.207814981094316
8,752.0,1519.78,1662.92,94.0,189.9725,94.0,0,0,very_high,800,862.9200000000001,"(600, 800]",1727.1121689753056,-64.19216897530555,64.19216897530555
1,1166.0,1423.69,1412.13,1166.0,1423.69,1166.0,0,0,very_high,100,1312.13,,1416.784878711388,-4.654878711387937,4.654878711387937
3,1187.0,1632.14,1451.85,395.6666666666667,544.0466666666667,395.6666666666667,0,0,very_high,300,1151.85,,1504.8440663771564,-52.994066377156514,52.994066377156514
3,1013.0,166.52,711.07,337.6666666666667,55.50666666666667,337.6666666666667,0,0,medium,300,411.07000000000005,,770.2068041367268,-59.13680413672671,59.13680413672671
5,741.0,429.24,951.92,148.2,85.848,148.2,1,0,medium_high,500,451.91999999999996,"(600, 800]",972.4680878966237,-20.54808789662377,20.54808789662377
14,467.0,2176.26,1809.83,33.357142857142854,155.44714285714286,33.357142857142854,0,0,,1400,409.8299999999999,"(400, 600]",1725.4370197729709,84.39298022702906,84.39298022702906
3,224.0,358.77,406.36,74.66666666666667,119.58999999999999,74.66666666666667,0,0,medium_high,300,106.36000000000001,"(200, 400]",421.55585310750286,-15.195853107502842,15.195853107502842
3,712.0,512.23,751.16,237.33333333333334,170.74333333333334,237.33333333333334,0,0,medium_high,300,451.15999999999997,"(600, 800]",827.0471819589775,-75.88718195897752,75.88718195897752
12,218.0,901.03,1371.86,18.166666666666668,75.08583333333333,18.166666666666668,0,0,very_high,1200,171.8599999999999,"(200, 400]",1411.6543315619842,-39.794331561984336,39.794331561984336
6,373.0,587.38,956.61,62.166666666666664,97.89666666666666,62.166666666666664,0,0,medium_high,600,356.61,"(200, 400]",946.6969107221952,9.91308927780483,9.91308927780483
8,562.0,2479.33,1478.31,70.25,309.91625,70.25,0,0,,800,678.31,"(400, 600]",1609.140275553882,-130.83027555388207,130.83027555388207
5,132.0,2387.03,1454.05,26.4,477.40600000000006,26.4,1,0,,500,954.05,"(100, 200]",1462.0471868095333,-7.997186809533332,7.997186809533332
3,98.0,871.46,866.05,32.666666666666664,290.4866666666667,32.666666666666664,0,0,very_high,300,566.05,"(0, 100]",910.8150387760874,-44.76503877608741,44.76503877608741
14,545.0,1206.76,1977.89,38.92857142857143,86.19714285714285,38.92857142857143,0,0,very_high,1400,577.8900000000001,"(400, 600]",1881.494327564874,96.39567243512602,96.39567243512602
1,869.0,1498.88,1398.94,869.0,1498.88,869.0,0,0,very_high,100,1298.94,"(800, 1000]",1421.0835231668545,-22.143523166854493,22.143523166854493
2,875.0,393.25,640.56,437.5,196.625,437.5,0,0,medium_high,200,440.55999999999995,"(800, 1000]",663.6120810573283,-23.052081057328337,23.052081057328337
8,888.0,2296.07,1718.71,111.0,287.00875,111.0,0,0,,800,918.71,"(800, 1000]",1816.8282783529326,-98.11827835293252,98.11827835293252
1,716.0,1396.41,1376.59,716.0,1396.41,716.0,0,0,very_high,100,1276.59,"(600, 800]",1360.6877651996165,15.90223480038344,15.90223480038344
8,1025.0,1031.33,2214.64,128.125,128.91625,128.125,0,0,very_high,800,1414.6399999999999,,2025.3928092389342,189.24719076106567,189.24719076106567
9,1064.0,2016.76,1810.94,118.22222222222223,224.08444444444444,118.22222222222223,0,0,,900,910.94,,1833.8817978403433,-22.94179784034327,22.94179784034327
4,463.0,1963.41,1607.34,115.75,490.8525,115.75,0,0,very_high,400,1207.34,"(400, 600]",1496.9945776035936,110.34542239640632,110.34542239640632
1,678.0,1478.57,1370.31,678.0,1478.57,678.0,0,0,very_high,100,1270.31,"(600, 800]",1402.9691418045106,-32.65914180451068,32.65914180451068
1,436.0,1358.14,1154.03,436.0,1358.14,436.0,0,0,very_high,100,1054.03,"(400, 600]",1180.0701102388737,-26.040110238873694,26.040110238873694
5,586.0,2135.36,1661.61,117.2,427.072,117.2,1,0,,500,1161.61,"(400, 600]",1614.4094191597844,47.20058084021548,47.20058084021548
1,797.0,126.8,543.18,797.0,126.8,797.0,0,0,medium,100,443.17999999999995,"(600, 800]",566.6976158980925,-23.517615898092572,23.517615898092572
14,481.0,939.99,877.17,34.357142857142854,67.14214285714286,34.357142857142854,0,0,very_high,1400,-522.83,"(400, 600]",1343.9489611624747,-466.77896116247473,466.77896116247473
7,172.0,1486.86,1557.94,24.571428571428573,212.4085714285714,24.571428571428573,0,0,very_high,700,857.94,"(100, 200]",1529.009884231006,28.93011576899403,28.93011576899403
10,1192.0,23.47,1157.87,119.2,2.347,119.2,0,0,very_low,1000,157.8699999999999,,1384.3438844096454,-226.4738844096455,226.4738844096455
7,981.0,658.85,1351.69,140.14285714285714,94.12142857142858,140.14285714285714,0,0,high,700,651.69,"(800, 1000]",1414.0496718925524,-62.35967189255234,62.35967189255234
10,692.0,1671.71,1701.23,69.2,167.171,69.2,0,0,very_high,1000,701.23,"(600, 800]",1750.9998421453674,-49.76984214536742,49.76984214536742
13,710.0,2223.86,1979.83,54.61538461538461,171.06615384615387,54.61538461538461,0,0,,1300,679.8299999999999,"(600, 800]",1938.7935885003733,41.03641149962664,41.03641149962664
12,380.0,1526.79,1787.41,31.666666666666668,127.2325,31.666666666666668,0,0,very_high,1200,587.4100000000001,"(200, 400]",1748.5177855472718,38.89221445272824,38.89221445272824
3,133.0,1728.5,1373.4,44.333333333333336,576.1666666666666,44.333333333333336,0,0,very_high,300,1073.4,"(100, 200]",1333.8366098935173,39.56339010648276,39.56339010648276
4,730.0,799.25,1250.66,182.5,199.8125,182.5,0,1,high,400,850.6600000000001,"(600, 800]",1064.6742337980754,185.98576620192466,185.98576620192466
12,1070.0,1055.51,2030.76,89.16666666666667,87.95916666666666,89.16666666666667,0,0,very_high,1200,830.76,,2003.042523625762,27.717476374238004,27.717476374238004
8,1185.0,554.98,1545.67,148.125,69.3725,148.125,0,0,medium_high,800,745.6700000000001,,1316.643147611413,229.02685238858703,229.02685238858703
11,456.0,2223.72,1600.1,41.45454545454545,202.1563636363636,41.45454545454545,0,0,,1100,500.0999999999999,"(400, 600]",1615.1931261790821,-15.093126179082219,15.093126179082219
12,85.0,1056.43,1466.31,7.083333333333333,88.03583333333334,7.083333333333333,0,0,very_high,1200,266.30999999999995,"(0, 100]",1529.0968076845948,-62.786807684594805,62.786807684594805
2,543.0,103.37,544.12,271.5,51.685,271.5,0,0,medium,200,344.12,"(400, 600]",516.9837378644667,27.136262135533343,27.136262135533343
6,367.0,1947.68,1606.76,61.166666666666664,324.61333333333334,61.166666666666664,0,0,very_high,600,1006.76,"(200, 400]",1600.951480926124,5.808519073875914,5.808519073875914
1,481.0,1792.17,1215.84,481.0,1792.17,481.0,0,0,very_high,100,1115.84,"(400, 600]",1225.9392551587985,-10.099255158798542,10.099255158798542
5,233.0,1862.04,1562.23,46.6,372.408,46.6,1,0,very_high,500,1062.23,"(200, 400]",1492.9664745526386,69.26352544736142,69.26352544736142
1,45.0,1070.22,922.69,45.0,1070.22,45.0,0,0,very_high,100,822.69,"(0, 100]",912.5956075384972,10.09439246150282,10.09439246150282
5,152.0,2444.81,1523.75,30.4,488.962,30.4,1,0,,500,1023.75,"(100, 200]",1460.8176413200408,62.93235867995918,62.93235867995918
7,344.0,1242.05,1514.4,49.142857142857146,177.43571428571428,49.142857142857146,0,0,very_high,700,814.4000000000001,"(200, 400]",1522.9443334629545,-8.544333462954455,8.544333462954455
5,320.0,1584.55,1584.73,64.0,316.90999999999997,64.0,1,0,very_high,500,1084.73,"(200, 400]",1530.9151744516168,53.81482554838317,53.81482554838317
9,989.0,378.12,1193.72,109.88888888888889,42.013333333333335,109.88888888888889,0,0,medium_high,900,293.72,"(800, 1000]",1219.9637885514817,-26.243788551481657,26.243788551481657
10,57.0,936.89,1237.07,5.7,93.689,5.7,0,0,very_high,1000,237.06999999999994,"(0, 100]",1273.2817989110613,-36.21179891106135,36.21179891106135
12,342.0,2253.61,1659.5,28.5,187.80083333333334,28.5,0,0,,1200,459.5,"(200, 400]",1689.7887535648613,-30.28875356486128,30.28875356486128
2,983.0,2109.93,1519.98,491.5,1054.965,491.5,0,0,,200,1319.98,"(800, 1000]",1507.9043865875585,12.075613412441498,12.075613412441498
10,886.0,1990.03,1749.93,88.6,199.003,88.6,0,0,very_high,1000,749.9300000000001,"(800, 1000]",1807.3772328035122,-57.44723280351218,57.44723280351218
10,5.0,836.86,1116.56,0.5,83.686,0.5,0,0,very_high,1000,116.55999999999995,"(0, 100]",1146.0307364797836,-29.47073647978368,29.47073647978368
3,80.0,517.54,457.49,26.666666666666668,172.51333333333332,26.666666666666668,0,0,medium_high,300,157.49,"(0, 100]",433.88409448693005,23.605905513069956,23.605905513069956
8,482.0,1411.49,631.81,60.25,176.43625,60.25,0,0,very_high,800,-168.19000000000005,"(400, 600]",1025.7335802812258,-393.9235802812259,393.9235802812259
4,11.0,312.01,426.22,2.75,78.0025,2.75,0,0,medium_high,400,26.220000000000027,"(0, 100]",381.2139734911166,45.00602650888345,45.00602650888345
12,1075.0,2328.11,1798.38,89.58333333333333,194.0091666666667,89.58333333333333,0,0,,1200,598.3800000000001,,1839.0111307763589,-40.63113077635876,40.63113077635876
13,632.0,268.91,1396.28,48.61538461538461,20.685384615384617,48.61538461538461,0,0,medium,1300,96.27999999999997,"(600, 800]",1230.529147556934,165.75085244306592,165.75085244306592
8,323.0,46.48,703.45,40.375,5.81,40.375,0,0,very_low,800,-96.54999999999995,"(200, 400]",785.6695998588973,-82.21959985889725,82.21959985889725
11,527.0,1550.32,1806.06,47.90909090909091,140.93818181818182,47.90909090909091,0,0,very_high,1100,706.06,"(400, 600]",1779.1879774159408,26.872022584059096,26.872022584059096
5,948.0,898.6,1499.68,189.6,179.72,189.6,1,1,very_high,500,999.6800000000001,"(800, 1000]",1515.2096815727907,-15.52968157279065,15.52968157279065
5,504.0,1502.63,1628.66,100.8,300.526,100.8,1,0,very_high,500,1128.66,"(400, 600]",1535.6828153804684,92.97718461953173,92.97718461953173
10,793.0,1422.29,2007.62,79.3,142.22899999999998,79.3,0,0,very_high,1000,1007.6199999999999,"(600, 800]",1821.9671818351994,185.65281816480046,185.65281816480046
13,32.0,232.43,805.12,2.4615384615384617,17.87923076923077,2.4615384615384617,0,0,medium,1300,-494.88,"(0, 100]",816.4300333258208,-11.310033325820768,11.310033325820768
9,768.0,1815.6,1666.18,85.33333333333333,201.73333333333332,85.33333333333333,0,0,very_high,900,766.1800000000001,"(600, 800]",1740.875229484902,-74.69522948490203,74.69522948490203
9,994.0,1742.62,1849.58,110.44444444444444,193.62444444444444,110.44444444444444,0,0,very_high,900,949.5799999999999,"(800, 1000]",1847.5535646924857,2.026435307514248,2.026435307514248
1,1105.0,1432.3,1387.17,1105.0,1432.3,1105.0,0,0,very_high,100,1287.17,,1420.9703748843056,-33.800374884305484,33.800374884305484
12,178.0,507.59,907.19,14.833333333333334,42.299166666666665,14.833333333333334,0,0,medium_high,1200,-292.80999999999995,"(100, 200]",942.2562952212849,-35.066295221284804,35.066295221284804
10,472.0,431.95,924.65,47.2,43.195,47.2,0,0,medium_high,1000,-75.35000000000002,"(400, 600]",933.7798841723522,-9.129884172352263,9.129884172352263
5,716.0,1111.23,1492.08,143.2,222.246,143.2,1,0,very_high,500,992.0799999999999,"(600, 800]",1584.4025357659448,-92.32253576594485,92.32253576594485
3,771.0,725.67,1166.93,257.0,241.89,257.0,0,0,high,300,866.9300000000001,"(600, 800]",1079.3933271472908,87.53667285270922,87.53667285270922
13,1054.0,1131.25,2162.03,81.07692307692308,87.01923076923077,81.07692307692308,0,0,very_high,1300,862.0300000000002,,2083.065397236917,78.96460276308335,78.96460276308335
10,872.0,2191.27,1776.62,87.2,219.127,87.2,0,0,,1000,776.6199999999999,"(800, 1000]",1807.3772328035122,-30.757232803512352,30.757232803512352
12,1077.0,32.55,1387.43,89.75,2.7125,89.75,0,0,very_low,1200,187.43000000000006,,1373.9540195091724,13.475980490827624,13.475980490827624
12,211.0,749.56,1285.23,17.583333333333332,62.46333333333333,17.583333333333332,0,0,high,1200,85.23000000000002,"(200, 400]",1196.2825400687914,88.94745993120864,88.94745993120864
4,199.0,1310.01,1400.57,49.75,327.5025,49.75,0,0,very_high,400,1000.5699999999999,"(100, 200]",1305.7246562253245,94.84534377467548,94.84534377467548
2,1029.0,1702.6,1577.55,514.5,851.3,514.5,0,0,very_high,200,1377.55,,1509.0206433219978,68.52935667800216,68.52935667800216
10,643.0,2263.77,1685.92,64.3,226.377,64.3,0,0,,1000,685.9200000000001,"(600, 800]",1704.2070095915685,-18.28700959156845,18.28700959156845
10,797.0,1706.73,1724.42,79.7,170.673,79.7,0,0,very_high,1000,724.4200000000001,"(600, 800]",1793.959194854034,-69.5391948540339,69.5391948540339
12,657.0,322.5,1113.16,54.75,26.875,54.75,0,0,medium_high,1200,-86.83999999999992,"(600, 800]",1161.6519836542193,-48.49198365421921,48.49198365421921
8,177.0,486.06,751.58,22.125,60.7575,22.125,0,0,medium_high,800,-48.41999999999996,"(100, 200]",740.1829740064012,11.397025993598845,11.397025993598845
2,222.0,456.24,437.4,111.0,228.12,111.0,0,0,medium_high,200,237.39999999999998,"(200, 400]",388.07046884841657,49.32953115158341,49.32953115158341
3,555.0,2342.76,1458.63,185.0,780.9200000000001,185.0,0,1,,300,1158.63,"(400, 600]",1463.2333628132033,-4.603362813203148,4.603362813203148
2,785.0,1964.63,1522.76,392.5,982.315,392.5,0,0,very_high,200,1322.76,"(600, 800]",1491.2679384065189,31.49206159348114,31.49206159348114
5,104.0,281.67,464.68,20.8,56.334,20.8,1,0,medium,500,-35.31999999999999,"(100, 200]",550.8543365921497,-86.1743365921497,86.1743365921497
1,673.0,2026.16,1372.83,673.0,2026.16,673.0,0,0,,100,1272.83,"(600, 800]",1398.85292176242,-26.022921762420083,26.022921762420083
10,877.0,1711.12,1897.37,87.7,171.112,87.7,0,0,very_high,1000,897.3699999999999,"(800, 1000]",1849.5118361146644,47.85816388533544,47.85816388533544
1,250.0,1300.17,1145.33,250.0,1300.17,250.0,0,0,very_high,100,1045.33,"(200, 400]",1194.0885414914078,-48.75854149140787,48.75854149140787
1,467.0,296.49,221.23,467.0,296.49,467.0,0,0,medium,100,121.22999999999999,"(400, 600]",261.25518497142826,-40.025184971428274,40.025184971428274
10,1026.0,828.82,1865.67,102.6,82.882,102.6,0,0,very_high,1000,865.6700000000001,,1777.827489287896,87.84251071210406,87.84251071210406
11,1106.0,2250.54,2050.62,100.54545454545455,204.59454545454545,100.54545454545455,0,0,,1100,950.6199999999999,,1878.0340437177363,172.58595628226362,172.58595628226362
12,452.0,816.56,1243.1,37.666666666666664,68.04666666666667,37.666666666666664,0,0,very_high,1200,43.09999999999991,"(400, 600]",1266.3843303842623,-23.284330384262375,23.284330384262375
14,865.0,2497.16,1885.87,61.785714285714285,178.3685714285714,61.785714285714285,0,0,,1400,485.8699999999999,"(800, 1000]",1896.0539571166125,-10.183957116612646,10.183957116612646
8,107.0,2450.89,1468.19,13.375,306.36125,13.375,0,0,,800,668.19,"(100, 200]",1490.4590081233748,-22.26900812337476,22.26900812337476
8,80.0,1092.18,1365.73,10.0,136.5225,10.0,0,0,very_high,800,565.73,"(0, 100]",1441.5499678604087,-75.81996786040872,75.81996786040872
8,945.0,766.98,1625.53,118.125,95.8725,118.125,0,0,high,800,825.53,"(800, 1000]",1603.8569672514602,21.673032748539754,21.673032748539754
13,1140.0,1607.8,2214.64,87.6923076923077,123.67692307692307,87.6923076923077,0,0,very_high,1300,914.6399999999999,,2152.191788641578,62.44821135842176,62.44821135842176
2,636.0,1438.19,1435.96,318.0,719.095,318.0,0,0,very_high,200,1235.96,"(600, 800]",1489.7406417031232,-53.78064170312314,53.78064170312314
14,865.0,1422.11,1921.18,61.785714285714285,101.5792857142857,61.785714285714285,0,0,very_high,1400,521.1800000000001,"(800, 1000]",2007.042159557477,-85.86215955747684,85.86215955747684
12,482.0,1710.47,1746.74,40.166666666666664,142.53916666666666,40.166666666666664,0,0,very_high,1200,546.74,"(400, 600]",1745.0610910359924,1.6789089640076327,1.6789089640076327
2,68.0,756.61,648.53,34.0,378.305,34.0,0,0,high,200,448.53,"(0, 100]",645.0990067316744,3.430993268325551,3.430993268325551
14,512.0,526.84,1306.64,36.57142857142857,37.63142857142857,36.57142857142857,0,0,medium_high,1400,-93.3599999999999,"(400, 600]",1282.8079194584905,23.83208054150964,23.83208054150964
14,1001.0,1647.24,2080.0,71.5,117.66,71.5,0,0,very_high,1400,680.0,,2039.8074383955434,40.192561604456614,40.192561604456614
1,547.0,573.6,616.27,547.0,573.6,547.0,0,0,medium_high,100,516.27,"(400, 600]",601.0927222065777,15.177277793422263,15.177277793422263
10,5.0,1338.9,1610.25,0.5,133.89000000000001,0.5,0,0,very_high,1000,610.25,"(0, 100]",1584.0301674107807,26.219832589219322,26.219832589219322
3,1158.0,1107.4,1361.3,386.0,369.1333333333334,386.0,0,0,very_high,300,1061.3,,1468.2850860153908,-106.98508601539083,106.98508601539083
1,993.0,1143.58,1328.85,993.0,1143.58,993.0,0,0,very_high,100,1228.85,"(800, 1000]",1430.931502772268,-102.0815027722681,102.0815027722681
6,378.0,837.63,1215.96,63.0,139.605,63.0,0,0,very_high,600,615.96,"(200, 400]",1195.6019183570825,20.35808164291757,20.35808164291757
11,1156.0,2231.86,1988.56,105.0909090909091,202.89636363636365,105.0909090909091,0,0,,1100,888.56,,1907.9066865974291,80.6533134025708,80.6533134025708
5,1050.0,882.86,1430.04,210.0,176.572,210.0,1,1,very_high,500,930.04,,1514.2756568679806,-84.23565686798065,84.23565686798065
8,836.0,735.52,1606.63,104.5,91.94,104.5,0,0,high,800,806.6300000000001,"(800, 1000]",1589.6609324294193,16.96906757058082,16.96906757058082
11,654.0,1516.42,1870.43,59.45454545454545,137.85636363636365,59.45454545454545,0,0,very_high,1100,770.4300000000001,"(600, 800]",1793.0636681968067,77.36633180319336,77.36633180319336
8,633.0,1308.36,1639.12,79.125,163.545,79.125,0,0,very_high,800,839.1199999999999,"(600, 800]",1682.708618032082,-43.588618032082195,43.588618032082195
12,713.0,1642.01,1873.19,59.416666666666664,136.83416666666668,59.416666666666664,0,0,very_high,1200,673.19,"(600, 800]",1892.7171179360007,-19.52711793600065,19.52711793600065
5,96.0,1105.47,1312.16,19.2,221.094,19.2,1,0,very_high,500,812.1600000000001,"(0, 100]",1337.780517641871,-25.620517641870947,25.620517641870947
7,1054.0,576.47,1344.18,150.57142857142858,82.35285714285715,150.57142857142858,0,0,medium_high,700,644.1800000000001,,1429.2947713467313,-85.11477134673123,85.11477134673123
12,495.0,1948.13,1831.92,41.25,162.34416666666667,41.25,0,0,very_high,1200,631.9200000000001,"(400, 600]",1738.3747179711777,93.54528202882238,93.54528202882238
1,1068.0,2011.28,1421.45,1068.0,2011.28,1068.0,0,0,,100,1321.45,,1421.3893242277989,0.06067577220119347,0.06067577220119347
7,1000.0,1620.46,1971.23,142.85714285714286,231.49428571428572,142.85714285714286,0,0,very_high,700,1271.23,"(800, 1000]",1892.1072847703995,79.12271522960054,79.12271522960054
13,855.0,1798.75,1951.77,65.76923076923077,138.3653846153846,65.76923076923077,0,0,very_high,1300,651.77,"(800, 1000]",1986.5520530552208,-34.782053055220786,34.782053055220786
8,544.0,1279.51,1483.77,68.0,159.93875,68.0,0,0,very_high,800,683.77,"(400, 600]",1662.2213854853758,-178.4513854853758,178.4513854853758
11,816.0,544.99,1077.12,74.18181818181819,49.54454545454546,74.18181818181819,0,0,medium_high,1100,-22.88000000000011,"(800, 1000]",1192.2565295859517,-115.13652958595185,115.13652958595185
5,1080.0,2383.82,1664.76,216.0,476.764,216.0,1,1,,500,1164.76,,1736.5905875943631,-71.83058759436312,71.83058759436312
8,1124.0,1908.69,1833.27,140.5,238.58625,140.5,0,0,very_high,800,1033.27,,1822.6601026037338,10.609897396266206,10.609897396266206
3,29.0,1632.85,1269.1,9.666666666666666,544.2833333333333,9.666666666666666,0,0,very_high,300,969.0999999999999,"(0, 100]",1184.3464921341183,84.7535078658816,84.7535078658816
6,470.0,2235.72,1628.6,78.33333333333333,372.61999999999995,78.33333333333333,0,0,,600,1028.6,"(400, 600]",1583.4168050651979,45.18319493480203,45.18319493480203
7,287.0,2293.5,1558.09,41.0,327.64285714285717,41.0,0,0,,700,858.0899999999999,"(200, 400]",1548.5240876769926,9.565912323007296,9.565912323007296
4,72.0,1367.29,1302.97,18.0,341.8225,18.0,0,0,very_high,400,902.97,"(0, 100]",1306.586669681328,-3.6166696813279486,3.6166696813279486
6,344.0,233.31,800.18,57.333333333333336,38.885,57.333333333333336,0,0,medium,600,200.17999999999995,"(200, 400]",818.906195778222,-18.726195778222063,18.726195778222063
8,801.0,1241.21,1780.65,100.125,155.15125,100.125,0,0,very_high,800,980.6500000000001,"(800, 1000]",1782.5657553039478,-1.9157553039476625,1.9157553039476625
5,629.0,484.34,1029.87,125.8,96.868,125.8,1,0,medium_high,500,529.8699999999999,"(600, 800]",974.7595914306767,55.110408569323226,55.110408569323226
11,327.0,961.08,1356.46,29.727272727272727,87.3709090909091,29.727272727272727,0,0,very_high,1100,256.46000000000004,"(200, 400]",1443.9283782546263,-87.46837825462626,87.46837825462626
14,94.0,105.94,1180.63,6.714285714285714,7.567142857142857,6.714285714285714,0,0,medium,1400,-219.3699999999999,"(0, 100]",1081.361986582907,99.26801341709302,99.26801341709302
4,1113.0,2103.82,1695.08,278.25,525.955,278.25,0,0,,400,1295.08,,1576.2716035505136,118.80839644948628,118.80839644948628
14,267.0,2090.21,1968.4,19.071428571428573,149.3007142857143,19.071428571428573,0,0,,1400,568.4000000000001,"(200, 400]",1830.4388388973607,137.96116110263938,137.96116110263938
1,979.0,1292.54,1313.53,979.0,1292.54,979.0,0,0,very_high,100,1213.53,"(800, 1000]",1390.518678110354,-76.98867811035393,76.98867811035393
10,625.0,519.94,1229.41,62.5,51.99400000000001,62.5,0,0,medium_high,1000,229.41000000000008,"(600, 800]",1145.4064217554953,84.00357824450475,84.00357824450475
14,457.0,848.61,1492.64,32.642857142857146,60.615,32.642857142857146,0,0,very_high,1400,92.6400000000001,"(400, 600]",1402.5985139994705,90.04148600052963,90.04148600052963
11,398.0,723.39,1154.77,36.18181818181818,65.76272727272728,36.18181818181818,0,0,high,1100,54.76999999999998,"(200, 400]",1167.4304060426364,-12.660406042636396,12.660406042636396
14,68.0,438.96,866.76,4.857142857142857,31.354285714285712,4.857142857142857,0,0,medium_high,1400,-533.24,"(0, 100]",871.5006511215023,-4.74065112150231,4.74065112150231
3,769.0,2497.93,1587.8,256.3333333333333,832.6433333333333,256.3333333333333,0,0,,300,1287.8,"(600, 800]",1547.4367182500807,40.363281749919224,40.363281749919224
13,694.0,1054.31,1815.02,53.38461538461539,81.10076923076923,53.38461538461539,0,0,very_high,1300,515.02,"(600, 800]",1854.5066493192953,-39.48664931929534,39.48664931929534
12,1088.0,1977.91,1883.21,90.66666666666667,164.82583333333335,90.66666666666667,0,0,very_high,1200,683.21,,1939.9125689766367,-56.70256897663671,56.70256897663671
9,101.0,950.23,1281.64,11.222222222222221,105.58111111111111,11.222222222222221,0,0,very_high,900,381.6400000000001,"(100, 200]",1335.8534442157047,-54.21344421570461,54.21344421570461
1,170.0,2452.85,1209.08,170.0,2452.85,170.0,0,0,,100,1109.08,"(100, 200]",1241.497551015552,-32.417551015552135,32.417551015552135
12,1135.0,475.95,1447.39,94.58333333333333,39.6625,94.58333333333333,0,0,medium_high,1200,247.3900000000001,,1393.6512582852295,53.73874171477064,53.73874171477064
3,1109.0,2092.26,1436.66,369.6666666666667,697.4200000000001,369.6666666666667,0,0,,300,1136.66,,1479.7235555340799,-43.063555534079796,43.063555534079796
7,753.0,358.13,1084.79,107.57142857142857,51.16142857142857,107.57142857142857,0,0,medium_high,700,384.78999999999996,"(600, 800]",1021.8459070356588,62.944092964341166,62.944092964341166
2,521.0,467.19,667.85,260.5,233.595,260.5,0,0,medium_high,200,467.85,"(400, 600]",575.9169002859095,91.93309971409053,91.93309971409053
12,1003.0,983.23,1996.18,83.58333333333333,81.93583333333333,83.58333333333333,0,0,very_high,1200,796.1800000000001,,1915.8596314994468,80.32036850055329,80.32036850055329
3,269.0,708.05,799.12,89.66666666666667,236.01666666666665,89.66666666666667,0,0,high,300,499.12,"(200, 400]",754.4162558727551,44.70374412724493,44.70374412724493
14,646.0,2418.19,1931.21,46.142857142857146,172.72785714285715,46.142857142857146,0,0,,1400,531.21,"(600, 800]",1865.1217355367107,66.0882644632893,66.0882644632893
14,1153.0,346.58,1292.93,82.35714285714286,24.755714285714284,82.35714285714286,0,0,medium_high,1400,-107.06999999999994,,1375.0968290191984,-82.1668290191983,82.1668290191983
4,18.0,289.06,380.88,4.5,72.265,4.5,0,0,medium,400,-19.120000000000005,"(0, 100]",378.1681211134728,2.711878886527188,2.711878886527188
13,1167.0,1074.36,2197.33,89.76923076923077,82.64307692307692,89.76923076923077,0,0,very_high,1300,897.3299999999999,,2082.403088020554,114.92691197944578,114.92691197944578
1,1113.0,1536.0,1403.6,1113.0,1536.0,1113.0,0,0,very_high,100,1303.6,,1421.3893242277989,-17.789324227798943,17.789324227798943
6,930.0,1907.95,1788.75,155.0,317.9916666666667,155.0,0,0,very_high,600,1188.75,"(800, 1000]",1800.2857002649514,-11.535700264951402,11.535700264951402
5,714.0,617.72,1164.2,142.8,123.54400000000001,142.8,1,0,high,500,664.2,"(600, 800]",1138.761265841703,25.43873415829694,25.43873415829694
7,256.0,2180.53,1548.87,36.57142857142857,311.50428571428574,36.57142857142857,0,0,,700,848.8699999999999,"(200, 400]",1551.6074541632086,-2.7374541632086675,2.7374541632086675
9,1063.0,2497.79,1761.94,118.11111111111111,277.53222222222223,118.11111111111111,0,0,,900,861.94,,1838.396918174192,-76.45691817419197,76.45691817419197
11,512.0,2016.19,1710.53,46.54545454545455,183.29,46.54545454545455,0,0,,1100,610.53,"(400, 600]",1704.1656932680635,6.3643067319364945,6.3643067319364945
9,463.0,1024.53,1476.48,51.44444444444444,113.83666666666666,51.44444444444444,0,0,very_high,900,576.48,"(400, 600]",1499.13197938159,-22.65197938159008,22.65197938159008
12,714.0,2003.23,1829.06,59.5,166.93583333333333,59.5,0,0,,1200,629.06,"(600, 800]",1853.709848966424,-24.649848966424088,24.649848966424088
9,1165.0,1868.79,1945.95,129.44444444444446,207.64333333333332,129.44444444444446,0,0,very_high,900,1045.95,,1846.0428369003318,99.9071630996682,99.9071630996682
1,872.0,2420.07,1456.34,872.0,2420.07,872.0,0,0,,100,1356.34,"(800, 1000]",1408.1876128791162,48.15238712088376,48.15238712088376
10,631.0,1220.71,1730.86,63.1,122.071,63.1,0,0,very_high,1000,730.8599999999999,"(600, 800]",1704.3839793706338,26.476020629366076,26.476020629366076
9,633.0,888.17,1384.78,70.33333333333333,98.68555555555555,70.33333333333333,0,0,very_high,900,484.78,"(600, 800]",1523.3978509392273,-138.6178509392273,138.6178509392273
4,1065.0,119.34,781.82,266.25,29.835,266.25,0,0,medium,400,381.82000000000005,,839.735587308103,-57.915587308103,57.915587308103
12,947.0,193.05,1225.63,78.91666666666667,16.087500000000002,78.91666666666667,0,0,medium,1200,25.63000000000011,"(800, 1000]",1276.652017955119,-51.02201795511883,51.02201795511883
4,159.0,568.58,647.0,39.75,142.145,39.75,0,0,medium_high,400,247.0,"(100, 200]",595.5631978977044,51.43680210229559,51.43680210229559
1,292.0,449.83,363.02,292.0,449.83,292.0,0,0,medium_high,100,263.02,"(200, 400]",338.52911047077214,24.490889529227843,24.490889529227843
1,1115.0,926.13,1192.88,1115.0,926.13,1115.0,0,0,very_high,100,1092.88,,1159.87083854179,33.0091614582102,33.0091614582102
7,1168.0,667.94,1639.55,166.85714285714286,95.42,166.85714285714286,0,0,high,700,939.55,,1572.6532750400431,66.89672495995683,66.89672495995683
4,348.0,2047.08,1507.04,87.0,511.77,87.0,0,0,,400,1107.04,"(200, 400]",1466.533627211391,40.50637278860904,40.50637278860904
8,77.0,1930.98,1485.69,9.625,241.3725,9.625,0,0,very_high,800,685.69,"(0, 100]",1464.712580246477,20.97741975352301,20.97741975352301
7,1033.0,1013.03,2119.83,147.57142857142858,144.71857142857144,147.57142857142858,0,0,very_high,700,1419.83,,2017.1231312477657,102.70686875223419,102.70686875223419
4,672.0,1603.52,1612.43,168.0,400.88,168.0,0,0,very_high,400,1212.43,"(600, 800]",1570.646431964591,41.78356803540896,41.78356803540896
4,1191.0,999.45,1478.93,297.75,249.8625,297.75,0,0,very_high,400,1078.93,,1323.2009678342865,155.72903216571353,155.72903216571353
8,392.0,661.27,978.13,49.0,82.65875,49.0,0,0,high,800,178.13,"(200, 400]",1001.3684792149048,-23.238479214904828,23.238479214904828
7,951.0,584.4,1253.76,135.85714285714286,83.48571428571428,135.85714285714286,0,0,medium_high,700,553.76,"(800, 1000]",1396.3702764926795,-142.61027649267953,142.61027649267953
5,778.0,2423.47,1643.96,155.6,484.69399999999996,155.6,1,0,,500,1143.96,"(600, 800]",1690.3564920605904,-46.39649206059039,46.39649206059039
11,958.0,1999.13,1900.18,87.0909090909091,181.73909090909092,87.0909090909091,0,0,very_high,1100,800.1800000000001,"(800, 1000]",1839.0261849284607,61.153815071539384,61.153815071539384
3,186.0,1068.31,1152.04,62.0,356.1033333333333,62.0,0,0,very_high,300,852.04,"(100, 200]",1085.9415190007715,66.09848099922851,66.09848099922851
5,1116.0,2460.46,1711.97,223.2,492.092,223.2,1,0,,500,1211.97,,1709.895963492088,2.0740365079120693,2.0740365079120693
13,63.0,107.92,710.25,4.846153846153846,8.301538461538462,4.846153846153846,0,0,medium,1300,-589.75,"(0, 100]",804.0155169499396,-93.76551694993964,93.76551694993964
6,170.0,476.99,600.23,28.333333333333332,79.49833333333333,28.333333333333332,0,0,medium_high,600,0.2300000000000182,"(100, 200]",722.3820886572221,-122.15208865722207,122.15208865722207
3,870.0,413.23,795.8,290.0,137.74333333333334,290.0,0,0,medium_high,300,495.79999999999995,"(800, 1000]",792.9530051058182,2.846994894181762,2.846994894181762
12,852.0,1957.9,1944.89,71.0,163.15833333333333,71.0,0,0,very_high,1200,744.8900000000001,"(800, 1000]",1882.2223970506816,62.66760294931851,62.66760294931851
6,420.0,386.77,929.16,70.0,64.46166666666666,70.0,0,0,medium_high,600,329.15999999999997,"(400, 600]",859.3622701116635,69.79772988833645,69.79772988833645
6,668.0,1922.45,1796.98,111.33333333333333,320.40833333333336,111.33333333333333,0,0,very_high,600,1196.98,"(600, 800]",1700.7928211467352,96.18717885326487,96.18717885326487
8,795.0,1645.99,644.69,99.375,205.74875,99.375,0,0,very_high,800,-155.30999999999995,"(600, 800]",1322.2976982857697,-677.6076982857696,677.6076982857696
4,420.0,927.74,1238.04,105.0,231.935,105.0,0,0,very_high,400,838.04,"(400, 600]",1094.4726136860795,143.56738631392045,143.56738631392045
12,1074.0,2407.71,1843.97,89.5,200.6425,89.5,0,0,,1200,643.97,,1804.7606014206965,39.209398579303524,39.209398579303524
12,916.0,2394.85,1740.85,76.33333333333333,199.57083333333333,76.33333333333333,0,0,,1200,540.8499999999999,"(800, 1000]",1798.9287771698953,-58.078777169895375,58.078777169895375
4,1075.0,586.17,1023.65,268.75,146.5425,268.75,0,0,medium_high,400,623.65,,1045.7702159506307,-22.120215950630723,22.120215950630723
5,1143.0,1217.72,1745.09,228.6,243.544,228.6,1,0,very_high,500,1245.09,,1708.669652672454,36.42034732754587,36.42034732754587
2,719.0,591.44,755.3,359.5,295.72,359.5,0,0,medium_high,200,555.3,"(600, 800]",832.1310821510685,-76.83108215106859,76.83108215106859
4,197.0,1858.84,1416.33,49.25,464.71,49.25,0,0,very_high,400,1016.3299999999999,"(100, 200]",1365.94637058117,50.38362941882997,50.38362941882997
6,248.0,395.4,710.15,41.333333333333336,65.89999999999999,41.333333333333336,0,0,medium_high,600,110.14999999999998,"(200, 400]",691.4401210274747,18.709878972525303,18.709878972525303
10,834.0,1820.8,1883.49,83.4,182.07999999999998,83.4,0,0,very_high,1000,883.49,"(800, 1000]",1796.7316704633995,86.75832953660051,86.75832953660051
1,1112.0,2011.44,1423.85,1112.0,2011.44,1112.0,0,0,,100,1323.85,,1421.3893242277989,2.460675772201057,2.460675772201057
12,1189.0,1453.16,2162.13,99.08333333333333,121.09666666666668,99.08333333333333,0,0,very_high,1200,962.1300000000001,,2131.195410924986,30.934589075014173,30.934589075014173
14,269.0,1349.61,1832.34,19.214285714285715,96.40071428571427,19.214285714285715,0,0,very_high,1400,432.3399999999999,"(200, 400]",1769.735867490967,62.60413250903298,62.60413250903298
7,671.0,1262.85,1600.42,95.85714285714286,180.40714285714284,95.85714285714286,0,0,very_high,700,900.4200000000001,"(600, 800]",1665.241623408364,-64.82162340836385,64.82162340836385
9,52.0,350.58,601.81,5.777777777777778,38.95333333333333,5.777777777777778,0,0,medium_high,900,-298.19000000000005,"(0, 100]",682.6948598589659,-80.88485985896591,80.88485985896591
14,976.0,1526.58,1995.87,69.71428571428571,109.04142857142857,69.71428571428571,0,0,very_high,1400,595.8699999999999,"(800, 1000]",2015.3305768624157,-19.46057686241579,19.46057686241579
2,370.0,1554.5,1311.23,185.0,777.25,185.0,0,1,very_high,200,1111.23,"(200, 400]",1392.1798648522836,-80.94986485228355,80.94986485228355
4,1180.0,1948.55,1565.16,295.0,487.1375,295.0,0,0,very_high,400,1165.16,,1611.3992899458337,-46.23928994583366,46.23928994583366
5,36.0,2022.94,1410.58,7.2,404.588,7.2,1,0,,500,910.5799999999999,"(0, 100]",1402.9376336391379,7.64236636086207,7.64236636086207
5,691.0,1030.64,1465.26,138.2,206.12800000000001,138.2,1,0,very_high,500,965.26,"(600, 800]",1482.8680922380108,-17.60809223801084,17.60809223801084
8,52.0,2353.5,1485.05,6.5,294.1875,6.5,0,0,,800,685.05,"(0, 100]",1456.628157090053,28.421842909946918,28.421842909946918
11,24.0,2029.04,1569.37,2.1818181818181817,184.45818181818183,2.1818181818181817,0,0,,1100,469.3699999999999,"(0, 100]",1560.3673238263573,9.002676173642612,9.002676173642612
8,221.0,936.98,1287.0,27.625,117.1225,27.625,0,0,very_high,800,487.0,"(200, 400]",1284.417014028444,2.5829859715558996,2.5829859715558996
1,85.0,89.83,175.53,85.0,89.83,85.0,0,0,low,100,75.53,"(0, 100]",173.5181230029365,2.0118769970634958,2.0118769970634958
7,803.0,12.75,1146.78,114.71428571428571,1.8214285714285714,114.71428571428571,0,0,very_low,700,446.78,"(800, 1000]",1060.134060071918,86.64593992808204,86.64593992808204
12,893.0,910.41,1862.13,74.41666666666667,75.86749999999999,74.41666666666667,0,0,very_high,1200,662.1300000000001,"(800, 1000]",1813.585721888552,48.54427811144819,48.54427811144819
14,113.0,1091.13,1703.02,8.071428571428571,77.93785714285715,8.071428571428571,0,0,very_high,1400,303.02,"(100, 200]",1655.979879586303,47.04012041369697,47.04012041369697
5,516.0,1878.49,669.85,103.2,375.698,103.2,1,0,very_high,500,169.85000000000002,"(400, 600]",1335.4854260944937,-665.6354260944937,665.6354260944937
14,904.0,2005.96,1970.01,64.57142857142857,143.28285714285715,64.57142857142857,0,0,,1400,570.01,"(800, 1000]",1986.5520530552208,-16.542053055220777,16.542053055220777
1,1058.0,1601.04,1465.9,1058.0,1601.04,1058.0,0,0,very_high,100,1365.9,,1426.2032647818987,39.69673521810137,39.69673521810137
14,555.0,313.73,1201.26,39.642857142857146,22.409285714285716,39.642857142857146,0,0,medium_high,1400,-198.74,"(400, 600]",1140.4611717502646,60.79882824973538,60.79882824973538
7,738.0,730.28,1429.72,105.42857142857143,104.32571428571428,105.42857142857143,0,0,high,700,729.72,"(600, 800]",1405.1762127982447,24.543787201755322,24.543787201755322
8,792.0,2437.24,1556.7,99.0,304.655,99.0,0,0,,800,756.7,"(600, 800]",1678.6988436685645,-121.9988436685644,121.9988436685644
5,831.0,432.8,901.36,166.2,86.56,166.2,1,0,medium_high,500,401.36,"(800, 1000]",993.9383613329295,-92.57836133292949,92.57836133292949
7,709.0,320.8,1116.62,101.28571428571429,45.82857142857143,101.28571428571429,0,0,medium_high,700,416.6199999999999,"(600, 800]",1024.9790808657276,91.64091913427228,91.64091913427228
9,1078.0,161.85,1260.96,119.77777777777777,17.983333333333334,119.77777777777777,0,0,medium,900,360.96000000000004,,1270.1312781523234,-9.171278152323339,9.171278152323339
2,616.0,968.93,1163.1,308.0,484.465,308.0,0,0,very_high,200,963.0999999999999,"(600, 800]",1137.57222674568,25.527773254319982,25.527773254319982
2,570.0,2297.12,1423.86,285.0,1148.56,285.0,0,0,,200,1223.86,"(400, 600]",1440.3095808418173,-16.44958084181735,16.44958084181735
9,13.0,986.41,1271.52,1.4444444444444444,109.60111111111111,1.4444444444444444,0,0,very_high,900,371.52,"(0, 100]",1396.695508561982,-125.17550856198204,125.17550856198204
7,381.0,2106.96,1705.27,54.42857142857143,300.9942857142857,54.42857142857143,0,0,,700,1005.27,"(200, 400]",1609.1591117993355,96.11088820066448,96.11088820066448
9,460.0,2424.47,1624.68,51.111111111111114,269.3855555555555,51.111111111111114,0,0,,900,724.6800000000001,"(400, 600]",1564.7828083407871,59.89719165921292,59.89719165921292
4,425.0,1286.54,1449.26,106.25,321.635,106.25,0,0,very_high,400,1049.26,"(400, 600]",1434.0642288469887,15.195771153011265,15.195771153011265
11,437.0,1053.24,1630.47,39.72727272727273,95.74909090909091,39.72727272727273,0,0,very_high,1100,530.47,"(400, 600]",1520.526371819864,109.9436281801361,109.9436281801361
9,1000.0,1901.79,1778.65,111.11111111111111,211.31,111.11111111111111,0,0,very_high,900,878.6500000000001,"(800, 1000]",1845.5027829035344,-66.85278290353426,66.85278290353426
1,553.0,1687.11,1295.34,553.0,1687.11,553.0,0,0,very_high,100,1195.34,"(400, 600]",1314.068844417888,-18.728844417888013,18.728844417888013
10,5.0,1094.06,1361.08,0.5,109.40599999999999,0.5,0,0,very_high,1000,361.0799999999999,"(0, 100]",1428.249700440273,-67.16970044027312,67.16970044027312
12,931.0,864.21,1663.58,77.58333333333333,72.0175,77.58333333333333,0,0,very_high,1200,463.5799999999999,"(800, 1000]",1813.585721888552,-150.005721888552,150.005721888552
6,436.0,914.53,1389.11,72.66666666666667,152.42166666666665,72.66666666666667,0,0,very_high,600,789.1099999999999,"(400, 600]",1259.8152725904747,129.2947274095252,129.2947274095252
3,1074.0,247.32,636.02,358.0,82.44,358.0,0,0,medium,300,336.02,,733.0346854656517,-97.01468546565172,97.01468546565172
9,896.0,1398.54,1727.1,99.55555555555556,155.39333333333332,99.55555555555556,0,0,very_high,900,827.0999999999999,"(800, 1000]",1849.1074169477715,-122.00741694777162,122.00741694777162
1,462.0,2047.57,1202.9,462.0,2047.57,462.0,0,0,,100,1102.9,"(400, 600]",1212.4032319600803,-9.503231960080257,9.503231960080257
3,665.0,2418.16,1490.96,221.66666666666666,806.0533333333333,221.66666666666666,0,0,,300,1190.96,"(600, 800]",1494.9593201413443,-3.999320141344242,3.999320141344242
11,532.0,2419.86,1653.69,48.36363636363637,219.98727272727274,48.36363636363637,0,0,,1100,553.69,"(400, 600]",1693.7737075559212,-40.08370755592114,40.08370755592114
9,483.0,52.64,949.04,53.666666666666664,5.848888888888889,53.666666666666664,0,0,low,900,49.039999999999964,"(400, 600]",921.9770380016486,27.062961998351398,27.062961998351398
12,296.0,326.83,981.72,24.666666666666668,27.235833333333332,24.666666666666668,0,0,medium_high,1200,-218.27999999999997,"(200, 400]",955.8977982670622,25.822201732937856,25.822201732937856
9,131.0,1990.0,1557.2,14.555555555555555,221.11111111111111,14.555555555555555,0,0,very_high,900,657.2,"(100, 200]",1509.4217985876173,47.778201412382714,47.778201412382714
6,836.0,2035.17,1718.79,139.33333333333334,339.195,139.33333333333334,0,0,,600,1118.79,"(800, 1000]",1782.832984356982,-64.04298435698206,64.04298435698206
10,532.0,1223.36,1631.49,53.2,122.33599999999998,53.2,0,0,very_high,1000,631.49,"(400, 600]",1683.8967468239275,-52.406746823927506,52.406746823927506
14,595.0,2140.61,1989.13,42.5,152.9007142857143,42.5,0,0,,1400,589.1300000000001,"(400, 600]",1899.7236756078253,89.40632439217484,89.40632439217484
7,623.0,1894.02,1739.49,89.0,270.57428571428574,89.0,0,0,very_high,700,1039.49,"(600, 800]",1705.3686559191297,34.12134408087036,34.12134408087036
5,1077.0,2234.35,1665.23,215.4,446.87,215.4,1,1,,500,1165.23,,1727.8109142071546,-62.58091420715459,62.58091420715459
5,579.0,1018.52,1468.01,115.8,203.704,115.8,1,0,very_high,500,968.01,"(400, 600]",1429.66069177934,38.34930822066008,38.34930822066008
8,255.0,1817.19,1510.91,31.875,227.14875,31.875,0,0,very_high,800,710.9100000000001,"(200, 400]",1516.0148522783593,-5.104852278359203,5.104852278359203
8,1009.0,1378.07,1903.76,126.125,172.25875,126.125,0,0,very_high,800,1103.76,,1941.2836079147032,-37.523607914703234,37.523607914703234
10,87.0,498.96,781.97,8.7,49.896,8.7,0,0,medium_high,1000,-218.02999999999997,"(0, 100]",775.5184399920807,6.451560007919284,6.451560007919284
1,809.0,1734.56,1447.25,809.0,1734.56,809.0,0,0,very_high,100,1347.25,"(800, 1000]",1421.5024725103478,25.747527489652157,25.747527489652157
9,1079.0,1981.94,1763.16,119.88888888888889,220.21555555555557,119.88888888888889,0,0,very_high,900,863.1600000000001,,1833.8817978403433,-70.72179784034324,70.72179784034324
8,1134.0,1049.84,2073.13,141.75,131.23,141.75,0,0,very_high,800,1273.13,,2025.3928092389342,47.737190761065904,47.737190761065904
8,403.0,654.97,895.14,50.375,81.87125,50.375,0,0,high,800,95.13999999999999,"(400, 600]",1001.3684792149048,-106.22847921490484,106.22847921490484
8,534.0,429.88,916.02,66.75,53.735,66.75,0,0,medium_high,800,116.01999999999998,"(400, 600]",928.3655458707744,-12.345545870774458,12.345545870774458
13,564.0,2245.56,1745.09,43.38461538461539,172.73538461538462,43.38461538461539,0,0,,1300,445.0899999999999,"(400, 600]",1894.4734798967725,-149.38347989677254,149.38347989677254
2,752.0,958.29,1144.41,376.0,479.145,376.0,0,0,very_high,200,944.4100000000001,"(600, 800]",1173.159825939443,-28.74982593944287,28.74982593944287
11,293.0,1410.0,1673.7,26.636363636363637,128.1818181818182,26.636363636363637,0,0,very_high,1100,573.7,"(200, 400]",1633.9009444449753,39.79905555502478,39.79905555502478
5,919.0,470.23,1119.17,183.8,94.046,183.8,1,1,medium_high,500,619.1700000000001,"(800, 1000]",1074.2892019311655,44.880798068834565,44.880798068834565
5,103.0,333.22,573.58,20.6,66.644,20.6,1,0,medium_high,500,73.58000000000004,"(100, 200]",554.9479597313048,18.632040268695278,18.632040268695278
1,893.0,19.76,570.71,893.0,19.76,893.0,0,0,very_low,100,470.71000000000004,"(800, 1000]",593.9041628771778,-23.194162877177746,23.194162877177746
12,37.0,52.65,789.01,3.0833333333333335,4.3875,3.0833333333333335,0,0,low,1200,-410.99,"(0, 100]",796.4945037058201,-7.484503705820089,7.484503705820089
8,1142.0,776.74,1827.44,142.75,97.0925,142.75,0,0,high,800,1027.44,,1636.781462105512,190.65853789448806,190.65853789448806
5,332.0,218.03,801.73,66.4,43.606,66.4,1,0,medium,500,301.73,"(200, 400]",721.9113594456339,79.81864055436608,79.81864055436608
7,950.0,1739.62,2032.23,135.71428571428572,248.51714285714283,135.71428571428572,0,0,very_high,700,1332.23,"(800, 1000]",1874.6544754564072,157.5755245435928,157.5755245435928
9,223.0,1916.03,1623.73,24.77777777777778,212.89222222222222,24.77777777777778,0,0,very_high,900,723.73,"(200, 400]",1539.1638550348407,84.56614496515931,84.56614496515931
6,522.0,1210.87,1577.01,87.0,201.81166666666664,87.0,0,0,very_high,600,977.01,"(400, 600]",1551.1675857362695,25.84241426373046,25.84241426373046
12,46.0,2077.07,1666.29,3.8333333333333335,173.08916666666667,3.8333333333333335,0,0,,1200,466.28999999999996,"(0, 100]",1636.7632863768779,29.526713623122077,29.526713623122077
2,252.0,1545.94,1300.19,126.0,772.97,126.0,0,0,very_high,200,1100.19,"(200, 400]",1362.7748083025135,-62.584808302513466,62.584808302513466
14,999.0,619.42,1510.57,71.35714285714286,44.24428571428571,71.35714285714286,0,0,high,1400,110.56999999999994,"(800, 1000]",1603.1983463819672,-92.62834638196728,92.62834638196728
13,125.0,2004.61,1721.56,9.615384615384615,154.20076923076923,9.615384615384615,0,0,,1300,421.55999999999995,"(100, 200]",1747.9408523802604,-26.38085238026042,26.38085238026042
9,597.0,625.99,990.84,66.33333333333333,69.55444444444444,66.33333333333333,0,0,high,900,90.84000000000003,"(400, 600]",1108.127180187433,-117.28718018743291,117.28718018743291
3,289.0,853.79,969.85,96.33333333333333,284.59666666666664,96.33333333333333,0,0,very_high,300,669.85,"(200, 400]",923.0538851244954,46.7961148755046,46.7961148755046
7,953.0,1918.24,1833.56,136.14285714285714,274.0342857142857,136.14285714285714,0,0,very_high,700,1133.56,"(800, 1000]",1874.6544754564072,-41.09447545640728,41.09447545640728
4,275.0,2359.64,1483.58,68.75,589.91,68.75,0,0,,400,1083.58,"(200, 400]",1420.4922354391467,63.0877645608532,63.0877645608532
5,755.0,1584.41,1729.08,151.0,316.882,151.0,1,0,very_high,500,1229.08,"(600, 800]",1713.3269346060256,15.753065393974339,15.753065393974339
9,803.0,880.17,1589.75,89.22222222222223,97.79666666666667,89.22222222222223,0,0,very_high,900,689.75,"(800, 1000]",1639.9311209201355,-50.18112092013553,50.18112092013553
11,293.0,285.14,966.87,26.636363636363637,25.921818181818182,26.636363636363637,0,0,medium,1100,-133.13,"(200, 400]",932.2988260887756,34.57117391122438,34.57117391122438
6,164.0,1460.21,1535.3,27.333333333333332,243.36833333333334,27.333333333333332,0,0,very_high,600,935.3,"(100, 200]",1518.305592261953,16.994407738046903,16.994407738046903
12,675.0,2277.93,1807.33,56.25,189.8275,56.25,0,0,,1200,607.3299999999999,"(600, 800]",1775.717544320654,31.612455679345885,31.612455679345885
11,859.0,146.71,1267.98,78.0909090909091,13.337272727272728,78.0909090909091,0,0,medium,1100,167.98000000000002,"(800, 1000]",1231.9968434429682,35.98315655703186,35.98315655703186
2,296.0,1878.7,1354.0,148.0,939.35,148.0,0,0,very_high,200,1154.0,"(200, 400]",1372.6340640121448,-18.63406401214479,18.63406401214479
7,300.0,2417.85,1634.04,42.857142857142854,345.40714285714284,42.857142857142854,0,0,,700,934.04,"(200, 400]",1556.0742155747087,77.9657844252913,77.9657844252913
2,1155.0,1517.18,1543.17,577.5,758.59,577.5,0,0,very_high,200,1343.17,,1506.8214860540063,36.34851394599377,36.34851394599377
5,765.0,480.48,1038.42,153.0,96.096,153.0,1,0,medium_high,500,538.4200000000001,"(600, 800]",991.1372160348244,47.28278396517567,47.28278396517567
9,1097.0,2330.2,1728.07,121.88888888888889,258.9111111111111,121.88888888888889,0,0,,900,828.0699999999999,,1833.8817978403433,-105.81179784034339,105.81179784034339
4,422.0,2049.71,1491.9,105.5,512.4275,105.5,0,0,,400,1091.9,"(400, 600]",1504.7669663041797,-12.866966304179641,12.866966304179641
14,1020.0,510.33,1406.95,72.85714285714286,36.45214285714285,72.85714285714286,0,0,medium_high,1400,6.9500000000000455,,1494.384487292226,-87.43448729222587,87.43448729222587
4,205.0,545.57,682.22,51.25,136.3925,51.25,0,0,medium_high,400,282.22,"(200, 400]",544.015125105025,138.20487489497498,138.20487489497498
12,1046.0,1850.85,1875.72,87.16666666666667,154.23749999999998,87.16666666666667,0,0,very_high,1200,675.72,,1956.2591042095428,-80.53910420954276,80.53910420954276
4,1001.0,739.08,1116.31,250.25,184.77,250.25,0,0,high,400,716.31,,1147.9033193817393,-31.59331938173932,31.59331938173932
9,938.0,742.17,1632.1,104.22222222222223,82.46333333333332,104.22222222222223,0,0,high,900,732.0999999999999,"(800, 1000]",1603.8569672514602,28.24303274853969,28.24303274853969
5,351.0,407.74,883.11,70.2,81.548,70.2,1,0,medium_high,500,383.11,"(200, 400]",772.9272848843151,110.18271511568491,110.18271511568491
9,748.0,653.42,1249.66,83.11111111111111,72.60222222222222,83.11111111111111,0,0,high,900,349.6600000000001,"(600, 800]",1219.609945678465,30.05005432153507,30.05005432153507
13,1186.0,2462.26,1906.35,91.23076923076923,189.4046153846154,91.23076923076923,0,0,,1300,606.3499999999999,,1878.3882365792501,27.961763420749776,27.961763420749776
6,384.0,1656.04,1682.33,64.0,276.00666666666666,64.0,0,0,very_high,600,1082.33,"(200, 400]",1598.4548198302825,83.8751801697174,83.8751801697174
10,150.0,418.41,844.9,15.0,41.841,15.0,0,0,medium_high,1000,-155.10000000000002,"(100, 200]",809.7920524661519,35.10794753384812,35.10794753384812
10,783.0,158.93,993.55,78.3,15.893,78.3,0,0,medium,1000,-6.4500000000000455,"(600, 800]",1052.5112882803699,-58.9612882803699,58.9612882803699
6,372.0,2494.69,1742.34,62.0,415.7816666666667,62.0,0,0,,600,1142.34,"(200, 400]",1652.3965743779677,89.94342562203224,89.94342562203224
10,958.0,1643.76,1827.18,95.8,164.376,95.8,0,0,very_high,1000,827.1800000000001,"(800, 1000]",1862.2082736497514,-35.02827364975133,35.02827364975133
8,34.0,1225.2,1438.52,4.25,153.15,4.25,0,0,very_high,800,638.52,"(0, 100]",1465.7315702767582,-27.211570276758266,27.211570276758266
7,151.0,2461.93,1516.58,21.571428571428573,351.7042857142857,21.571428571428573,0,0,,700,816.5799999999999,"(100, 200]",1539.0566732245636,-22.476673224563683,22.476673224563683
7,150.0,1379.35,1500.09,21.428571428571427,197.04999999999998,21.428571428571427,0,0,very_high,700,800.0899999999999,"(100, 200]",1478.4444448344998,21.645555165500127,21.645555165500127
6,751.0,2085.98,1757.81,125.16666666666667,347.66333333333336,125.16666666666667,0,0,,600,1157.81,"(600, 800]",1764.3433993002488,-6.533399300248902,6.533399300248902
7,568.0,159.12,738.92,81.14285714285714,22.731428571428573,81.14285714285714,0,0,medium,700,38.91999999999996,"(400, 600]",904.7617563592543,-165.8417563592543,165.8417563592543
12,574.0,2240.9,1785.72,47.833333333333336,186.74166666666667,47.833333333333336,0,0,,1200,585.72,"(400, 600]",1780.8644575508017,4.85554244919831,4.85554244919831
13,36.0,808.38,1190.16,2.769230769230769,62.183076923076925,2.769230769230769,0,0,very_high,1300,-109.83999999999992,"(0, 100]",1220.9888891948688,-30.82888919486868,30.82888919486868
14,595.0,1818.77,1889.9,42.5,129.91214285714287,42.5,0,0,very_high,1400,489.9000000000001,"(400, 600]",1933.4807488663491,-43.58074886634904,43.58074886634904
7,381.0,2342.27,1705.24,54.42857142857143,334.61,54.42857142857143,0,0,,700,1005.24,"(200, 400]",1620.4354462823856,84.80455371761445,84.80455371761445
14,174.0,815.3,1295.14,12.428571428571429,58.23571428571428,12.428571428571429,0,0,very_high,1400,-104.8599999999999,"(100, 200]",1253.9693976736141,41.17060232638596,41.17060232638596
11,226.0,2013.45,1590.82,20.545454545454547,183.04090909090908,20.545454545454547,0,0,,1100,490.81999999999994,"(200, 400]",1610.2987885199518,-19.478788519951877,19.478788519951877
13,137.0,1505.66,1777.72,10.538461538461538,115.82000000000001,10.538461538461538,0,0,very_high,1300,477.72,"(100, 200]",1786.948121349837,-9.22812134983701,9.22812134983701
13,774.0,206.45,1110.0,59.53846153846154,15.88076923076923,59.53846153846154,0,0,medium,1300,-190.0,"(600, 800]",1194.9527782833297,-84.95277828332974,84.95277828332974
5,1120.0,1514.91,1658.97,224.0,302.982,224.0,1,0,very_high,500,1158.97,,1735.8184222883071,-76.84842228830712,76.84842228830712
4,862.0,2335.55,1698.94,215.5,583.8875,215.5,0,1,,400,1298.94,"(800, 1000]",1592.069195574261,106.87080442573915,106.87080442573915
8,829.0,1147.89,2004.34,103.625,143.48625,103.625,0,0,very_high,800,1204.34,"(800, 1000]",1847.7553925464351,156.5846074535648,156.5846074535648
4,380.0,446.66,764.24,95.0,111.665,95.0,0,0,medium_high,400,364.24,"(200, 400]",675.3448829855068,88.89511701449317,88.89511701449317
9,238.0,1197.83,1560.78,26.444444444444443,133.0922222222222,26.444444444444443,0,0,very_high,900,660.78,"(200, 400]",1561.5102745807765,-0.730274580776495,0.730274580776495
13,1199.0,493.0,1634.13,92.23076923076923,37.92307692307692,92.23076923076923,0,0,medium_high,1300,334.1300000000001,,1442.6902417319652,191.4397582680349,191.4397582680349
12,710.0,1249.41,1921.09,59.166666666666664,104.1175,59.166666666666664,0,0,very_high,1200,721.0899999999999,"(600, 800]",1863.2189594433428,57.871040556657135,57.871040556657135
14,719.0,1973.14,1980.99,51.357142857142854,140.93857142857144,51.357142857142854,0,0,very_high,1400,580.99,"(600, 800]",1987.8797883323434,-6.889788332343414,6.889788332343414
1,482.0,1697.08,1198.24,482.0,1697.08,482.0,0,0,very_high,100,1098.24,"(400, 600]",1225.9392551587985,-27.69925515879845,27.69925515879845
9,444.0,725.31,1062.52,49.333333333333336,80.58999999999999,49.333333333333336,0,0,high,900,162.51999999999998,"(400, 600]",1147.040469381657,-84.520469381657,84.520469381657
11,610.0,1990.79,1753.56,55.45454545454545,180.98090909090908,55.45454545454545,0,0,very_high,1100,653.56,"(600, 800]",1723.15952418143,30.40047581856993,30.40047581856993
4,238.0,1707.28,1483.48,59.5,426.82,59.5,0,0,very_high,400,1083.48,"(200, 400]",1416.9812345475996,66.49876545240045,66.49876545240045
2,299.0,1612.7,1282.8,149.5,806.35,149.5,0,0,very_high,200,1082.8,"(200, 400]",1369.2878810638595,-86.4878810638595,86.4878810638595
10,273.0,799.9,1155.05,27.3,79.99,27.3,0,0,high,1000,155.04999999999995,"(200, 400]",1112.1267159650488,42.923284034951166,42.923284034951166
3,154.0,274.04,406.91,51.333333333333336,91.34666666666668,51.333333333333336,0,0,medium,300,106.91000000000003,"(100, 200]",411.0553980695451,-4.145398069545081,4.145398069545081
7,636.0,697.02,1276.06,90.85714285714286,99.57428571428571,90.85714285714286,0,0,high,700,576.06,"(600, 800]",1358.3521978363858,-82.29219783638587,82.29219783638587
2,1038.0,685.07,962.14,519.0,342.535,519.0,0,0,high,200,762.14,,1016.8214579037282,-54.68145790372819,54.68145790372819
2,798.0,2334.41,1485.4,399.0,1167.205,399.0,0,0,,200,1285.4,"(600, 800]",1489.5755278324953,-4.175527832495163,4.175527832495163
12,601.0,2166.56,1918.46,50.083333333333336,180.54666666666665,50.083333333333336,0,0,,1200,718.46,"(600, 800]",1780.8644575508017,137.59554244919832,137.59554244919832
6,290.0,814.04,1077.35,48.333333333333336,135.67333333333332,48.333333333333336,0,0,very_high,600,477.3499999999999,"(200, 400]",1018.7788799828433,58.57112001715666,58.57112001715666
8,16.0,259.02,543.56,2.0,32.3775,2.0,0,0,medium,800,-256.44000000000005,"(0, 100]",582.2133904589447,-38.65339045894473,38.65339045894473
8,303.0,1072.44,1453.25,37.875,134.055,37.875,0,0,very_high,800,653.25,"(200, 400]",1453.6289548207465,-0.3789548207464577,0.3789548207464577
11,372.0,2048.26,1632.61,33.81818181818182,186.20545454545456,33.81818181818182,0,0,,1100,532.6099999999999,"(200, 400]",1636.9171549625457,-4.307154962545837,4.307154962545837
3,864.0,2338.52,1513.04,288.0,779.5066666666667,288.0,0,0,,300,1213.04,"(800, 1000]",1535.0398228444822,-21.999822844482196,21.999822844482196
11,913.0,2253.41,1758.56,83.0,204.85545454545453,83.0,0,0,,1100,658.56,"(800, 1000]",1819.522593825517,-60.96259382551716,60.96259382551716
14,805.0,834.06,1683.49,57.5,59.575714285714284,57.5,0,0,very_high,1400,283.49,"(800, 1000]",1713.816569271338,-30.32656927133803,30.32656927133803
5,905.0,2317.31,1691.38,181.0,463.462,181.0,1,1,,500,1191.38,"(800, 1000]",1734.865224899516,-43.48522489951597,43.48522489951597
10,728.0,226.53,1060.47,72.8,22.653,72.8,0,0,medium,1000,60.47000000000003,"(600, 800]",1056.3053998416678,4.164600158332178,4.164600158332178
4,842.0,893.25,1324.64,210.5,223.3125,210.5,0,1,very_high,400,924.6400000000001,"(800, 1000]",1295.4913256600441,29.14867433995596,29.14867433995596
5,117.0,953.06,1116.8,23.4,190.612,23.4,1,0,very_high,500,616.8,"(100, 200]",1153.4130335593047,-36.61303355930477,36.61303355930477
12,307.0,957.17,1432.75,25.583333333333332,79.76416666666667,25.583333333333332,0,0,very_high,1200,232.75,"(200, 400]",1475.9366175408745,-43.18661754087452,43.18661754087452
9,51.0,314.81,704.94,5.666666666666667,34.97888888888889,5.666666666666667,0,0,medium_high,900,-195.05999999999995,"(0, 100]",677.9913758851138,26.94862411488623,26.94862411488623
7,1071.0,841.11,1699.9,153.0,120.15857142857143,153.0,0,0,very_high,700,999.9000000000001,,1749.791442816951,-49.891442816950985,49.891442816950985
13,922.0,1510.22,1967.87,70.92307692307692,116.17076923076924,70.92307692307692,0,0,very_high,1300,667.8699999999999,"(800, 1000]",2008.0828166739543,-40.21281667395442,40.21281667395442
8,867.0,2373.39,1747.22,108.375,296.67375,108.375,0,0,,800,947.22,"(800, 1000]",1825.607951740141,-78.38795174014103,78.38795174014103
11,1013.0,1483.3,1952.8,92.0909090909091,134.84545454545454,92.0909090909091,0,0,very_high,1100,852.8,,1970.9718240936375,-18.171824093637497,18.171824093637497
6,1148.0,1525.81,1776.48,191.33333333333334,254.30166666666665,191.33333333333334,0,1,very_high,600,1176.48,,1814.0842609405192,-37.604260940519225,37.604260940519225
12,158.0,2195.67,1625.46,13.166666666666666,182.9725,13.166666666666666,0,0,,1200,425.46000000000004,"(100, 200]",1650.4542741338234,-24.99427413382341,24.99427413382341
5,1010.0,2054.21,1810.37,202.0,410.842,202.0,1,1,,500,1310.37,,1722.1174739029325,88.2525260970674,88.2525260970674
1,682.0,1517.04,1376.04,682.0,1517.04,682.0,0,0,very_high,100,1276.04,"(600, 800]",1397.520464457885,-21.48046445788509,21.48046445788509
5,14.0,78.33,406.7,2.8,15.666,2.8,1,0,low,500,-93.30000000000001,"(0, 100]",461.8858281973378,-55.1858281973378,55.1858281973378
6,1203.0,1900.48,1972.88,200.5,316.74666666666667,200.5,0,1,very_high,600,1372.88,,1881.9233996985083,90.95660030149179,90.95660030149179
4,810.0,1852.31,1575.87,202.5,463.0775,202.5,0,1,very_high,400,1175.87,"(800, 1000]",1573.2297108293358,2.6402891706641185,2.6402891706641185
3,760.0,2073.25,1522.45,253.33333333333334,691.0833333333334,253.33333333333334,0,0,,300,1222.45,"(600, 800]",1532.7162051875744,-10.266205187574315,10.266205187574315
7,868.0,625.09,1403.48,124.0,89.29857142857144,124.0,0,0,high,700,703.48,"(800, 1000]",1382.1742416706386,21.305758329361424,21.305758329361424
7,205.0,103.31,683.1,29.285714285714285,14.758571428571429,29.285714285714285,0,0,medium,700,-16.899999999999977,"(200, 400]",669.9175319076861,13.182468092313911,13.182468092313911
5,387.0,1882.35,1588.8,77.4,376.46999999999997,77.4,1,0,very_high,500,1088.8,"(200, 400]",1514.2455472712602,74.55445272873976,74.55445272873976
11,447.0,130.07,852.02,40.63636363636363,11.824545454545454,40.63636363636363,0,0,medium,1100,-247.98000000000002,"(400, 600]",960.5012486495318,-108.48124864953184,108.48124864953184
9,482.0,1348.44,1633.26,53.55555555555556,149.82666666666668,53.55555555555556,0,0,very_high,900,733.26,"(400, 600]",1642.554388199711,-9.294388199710966,9.294388199710966
7,15.0,2436.67,1459.63,2.142857142857143,348.0957142857143,2.142857142857143,0,0,,700,759.6300000000001,"(0, 100]",1494.7824744901989,-35.152474490198756,35.152474490198756
10,955.0,1182.33,1950.3,95.5,118.23299999999999,95.5,0,0,very_high,1000,950.3,"(800, 1000]",1906.8732765347072,43.42672346529275,43.42672346529275
5,41.0,2314.68,1500.28,8.2,462.936,8.2,1,0,,500,1000.28,"(0, 100]",1412.3465401981919,87.93345980180811,87.93345980180811
2,1189.0,1164.74,1666.52,594.5,582.37,594.5,0,0,very_high,200,1466.52,,1599.422304297039,67.09769570296089,67.09769570296089
2,762.0,519.74,752.69,381.0,259.87,381.0,0,0,medium_high,200,552.69,"(600, 800]",753.1881663197323,-0.4981663197322632,0.4981663197322632
10,895.0,937.46,1714.8,89.5,93.74600000000001,89.5,0,0,very_high,1000,714.8,"(800, 1000]",1768.1076418281932,-53.307641828193255,53.307641828193255
13,858.0,2258.01,1889.71,66.0,173.69307692307694,66.0,0,0,,1300,589.71,"(800, 1000]",1942.3978708554964,-52.687870855496385,52.687870855496385
11,650.0,524.8,1179.09,59.09090909090909,47.709090909090904,59.09090909090909,0,0,medium_high,1100,79.08999999999992,"(600, 800]",1163.2190384603339,15.870961539666041,15.870961539666041
4,198.0,2106.63,1450.67,49.5,526.6575,49.5,0,0,,400,1050.67,"(100, 200]",1365.94637058117,84.72362941883011,84.72362941883011
1,791.0,1927.75,1419.88,791.0,1927.75,791.0,0,0,very_high,100,1319.88,"(600, 800]",1396.300113705762,23.579886294238122,23.579886294238122
14,1020.0,1201.75,2337.73,72.85714285714286,85.83928571428571,72.85714285714286,0,0,very_high,1400,937.73,,2153.680097377744,184.049902622256,184.049902622256
12,59.0,2247.39,1629.92,4.916666666666667,187.2825,4.916666666666667,0,0,,1200,429.9200000000001,"(0, 100]",1615.0783897693582,14.84161023064189,14.84161023064189
8,626.0,545.84,1142.89,78.25,68.23,78.25,0,0,medium_high,800,342.8900000000001,"(600, 800]",1093.3298205087733,49.56017949122679,49.56017949122679
5,57.0,559.05,639.73,11.4,111.80999999999999,11.4,1,0,medium_high,500,139.73000000000002,"(0, 100]",640.3972241964433,-0.6672241964432715,0.6672241964432715
5,908.0,716.7,1375.88,181.6,143.34,181.6,1,1,high,500,875.8800000000001,"(800, 1000]",1364.7266525678178,11.153347432182272,11.153347432182272
13,8.0,78.44,713.71,0.6153846153846154,6.033846153846154,0.6153846153846154,0,0,low,1300,-586.29,"(0, 100]",761.3178584090153,-47.60785840901531,47.60785840901531
11,684.0,672.51,1487.93,62.18181818181818,61.13727272727272,62.18181818181818,0,0,high,1100,387.93000000000006,"(600, 800]",1400.9209138556353,87.0090861443648,87.0090861443648
4,180.0,2365.46,1443.02,45.0,591.365,45.0,0,0,,400,1043.02,"(100, 200]",1369.4027123940964,73.61728760590358,73.61728760590358
13,511.0,1628.33,1915.79,39.30769230769231,125.25615384615384,39.30769230769231,0,0,very_high,1300,615.79,"(400, 600]",1919.1506302955681,-3.3606302955681713,3.3606302955681713
4,231.0,20.39,499.26,57.75,5.0975,57.75,0,0,very_low,400,99.25999999999999,"(200, 400]",501.79897914728997,-2.5389791472899788,2.5389791472899788
9,1139.0,1973.31,1759.33,126.55555555555556,219.25666666666666,126.55555555555556,0,0,very_high,900,859.3299999999999,,1833.8817978403433,-74.5517978403434,74.5517978403434
9,578.0,1167.71,1587.21,64.22222222222223,129.74555555555557,64.22222222222223,0,0,very_high,900,687.21,"(400, 600]",1616.4373732559854,-29.227373255985412,29.227373255985412
14,530.0,2028.06,2079.14,37.857142857142854,144.86142857142858,37.857142857142854,0,0,,1400,679.1399999999999,"(400, 600]",1960.671333773376,118.46866622662378,118.46866622662378
7,316.0,141.89,837.8,45.142857142857146,20.27,45.142857142857146,0,0,medium,700,137.79999999999995,"(200, 400]",779.9798626202794,57.82013737972056,57.82013737972056
2,897.0,2382.39,1437.95,448.5,1191.195,448.5,0,0,,200,1237.95,"(800, 1000]",1479.3935770508226,-41.44357705082257,41.44357705082257
12,121.0,608.92,1033.44,10.083333333333334,50.74333333333333,10.083333333333334,0,0,high,1200,-166.55999999999995,"(100, 200]",1037.483613897377,-4.043613897376872,4.043613897376872
4,764.0,1417.94,1682.1,191.0,354.485,191.0,0,1,very_high,400,1282.1,"(600, 800]",1596.0592208023468,86.04077919765314,86.04077919765314
11,663.0,2141.08,1715.29,60.27272727272727,194.64363636363635,60.27272727272727,0,0,,1100,615.29,"(600, 800]",1732.3715026197103,-17.081502619710363,17.081502619710363
3,91.0,1640.15,1338.3,30.333333333333332,546.7166666666667,30.333333333333332,0,0,very_high,300,1038.3,"(0, 100]",1333.3684854843782,4.931514515621757,4.931514515621757
1,1035.0,1289.84,1317.33,1035.0,1289.84,1035.0,0,0,very_high,100,1217.33,,1382.7269826018044,-65.39698260180444,65.39698260180444
7,125.0,193.62,616.24,17.857142857142858,27.66,17.857142857142858,0,0,medium,700,-83.75999999999999,"(100, 200]",657.8539917808416,-41.613991780841616,41.613991780841616
12,437.0,639.96,1183.74,36.416666666666664,53.330000000000005,36.416666666666664,0,0,high,1200,-16.25999999999999,"(400, 600]",1151.9775332526972,31.762466747302824,31.762466747302824
4,84.0,2243.12,1392.1,21.0,560.78,21.0,0,0,,400,992.0999999999999,"(0, 100]",1097.7616812924462,294.33831870755375,294.33831870755375
5,716.0,1316.6,1686.98,143.2,263.32,143.2,1,0,very_high,500,1186.98,"(600, 800]",1639.7194379690632,47.26056203093685,47.26056203093685
12,18.0,2461.37,1556.78,1.5,205.11416666666665,1.5,0,0,,1200,356.78,"(0, 100]",1594.8047986485742,-38.02479864857423,38.02479864857423
3,560.0,1664.15,1419.48,186.66666666666666,554.7166666666667,186.66666666666666,0,1,very_high,300,1119.48,"(400, 600]",1459.2173345822719,-39.73733458227184,39.73733458227184
3,504.0,63.39,568.17,168.0,21.13,168.0,0,0,low,300,268.16999999999996,"(400, 600]",584.1265330063717,-15.956533006371728,15.956533006371728
5,1126.0,664.9,1336.74,225.2,132.98,225.2,1,0,high,500,836.74,,1287.5442512468892,49.19574875311082,49.19574875311082
1,1092.0,390.55,589.11,1092.0,390.55,1092.0,0,0,medium_high,100,489.11,,586.3775763048036,2.7324236951964167,2.7324236951964167
11,273.0,502.37,862.61,24.818181818181817,45.67,24.818181818181817,0,0,medium_high,1100,-237.39,"(200, 400]",959.3248251686109,-96.7148251686109,96.7148251686109
4,6.0,458.7,459.21,1.5,114.675,1.5,0,0,medium_high,400,59.20999999999998,"(0, 100]",429.8571898730021,29.352810126997895,29.352810126997895
1,620.0,490.45,678.74,620.0,490.45,620.0,0,0,medium_high,100,578.74,"(600, 800]",585.4882352954007,93.25176470459928,93.25176470459928
5,659.0,2083.15,1645.06,131.8,416.63,131.8,1,0,,500,1145.06,"(600, 800]",1667.6168196184553,-22.556819618455393,22.556819618455393
12,353.0,2150.17,1765.67,29.416666666666668,179.18083333333334,29.416666666666668,0,0,,1200,565.6700000000001,"(200, 400]",1694.935666795009,70.73433320499112,70.73433320499112
13,618.0,1982.27,2000.39,47.53846153846154,152.4823076923077,47.53846153846154,0,0,very_high,1300,700.3900000000001,"(600, 800]",1902.962220265717,97.42777973428315,97.42777973428315
2,1158.0,2355.92,1528.91,579.0,1177.96,579.0,0,0,,200,1328.91,,1511.4156632682973,17.494336731702788,17.494336731702788
3,512.0,1251.6,1360.76,170.66666666666666,417.2,170.66666666666666,0,0,very_high,300,1060.76,"(400, 600]",1378.022059716587,-17.26205971658692,17.26205971658692
5,840.0,941.55,1676.48,168.0,188.31,168.0,1,0,very_high,500,1176.48,"(800, 1000]",1558.7678766793947,117.71212332060531,117.71212332060531
7,1086.0,2319.81,1858.36,155.14285714285714,331.40142857142854,155.14285714285714,0,0,,700,1158.36,,1882.98296080305,-24.62296080305009,24.62296080305009
13,1152.0,864.45,1797.14,88.61538461538461,66.49615384615385,88.61538461538461,0,0,very_high,1300,497.1400000000001,,1874.1964099623697,-77.05640996236957,77.05640996236957
4,840.0,1375.42,1580.95,210.0,343.855,210.0,0,1,very_high,400,1180.95,"(800, 1000]",1543.6295921857234,37.32040781427668,37.32040781427668
4,724.0,89.99,667.98,181.0,22.4975,181.0,0,1,low,400,267.98,"(600, 800]",776.9976884279306,-109.01768842793058,109.01768842793058
3,327.0,2141.92,1438.41,109.0,713.9733333333334,109.0,0,0,,300,1138.41,"(200, 400]",1436.9376906822354,1.4723093177647115,1.4723093177647115
13,1055.0,2005.84,1997.52,81.15384615384616,154.29538461538462,81.15384615384616,0,0,,1300,697.52,,1991.7698513471853,5.750148652814687,5.750148652814687
1,931.0,327.97,609.73,931.0,327.97,931.0,0,0,medium_high,100,509.73,"(800, 1000]",578.1379452111489,31.5920547888511,31.5920547888511
10,108.0,2181.67,1632.42,10.8,218.167,10.8,0,0,,1000,632.4200000000001,"(100, 200]",1557.659727507378,74.76027249262211,74.76027249262211
13,1204.0,24.47,1344.17,92.61538461538461,1.8823076923076922,92.61538461538461,0,0,very_low,1300,44.17000000000007,,1417.6705380662838,-73.50053806628375,73.50053806628375
5,517.0,919.25,1288.31,103.4,183.85,103.4,1,0,very_high,500,788.31,"(400, 600]",1014.5267311950505,273.78326880494944,273.78326880494944
8,897.0,1536.36,1944.62,112.125,192.045,112.125,0,0,very_high,800,1144.62,"(800, 1000]",1823.6354319207892,120.9845680792107,120.9845680792107
12,988.0,2492.79,1753.84,82.33333333333333,207.7325,82.33333333333333,0,0,,1200,553.8399999999999,"(800, 1000]",1811.6252147049822,-57.78521470498231,57.78521470498231
1,1041.0,1630.25,1466.95,1041.0,1630.25,1041.0,0,0,very_high,100,1366.95,,1426.2032647818987,40.74673521810132,40.74673521810132
10,454.0,2359.42,1619.0,45.4,235.942,45.4,0,0,,1000,619.0,"(400, 600]",1599.2424629980567,19.75753700194332,19.75753700194332
5,406.0,1084.16,1399.39,81.2,216.83200000000002,81.2,1,0,very_high,500,899.3900000000001,"(400, 600]",1413.2137297079028,-13.823729707902658,13.823729707902658
4,103.0,1790.07,1394.55,25.75,447.5175,25.75,0,0,very_high,400,994.55,"(100, 200]",1374.7629742210565,19.787025778943416,19.787025778943416
11,198.0,269.95,695.66,18.0,24.54090909090909,18.0,0,0,medium,1100,-404.34000000000003,"(100, 200]",854.1445993823918,-158.48459938239182,158.48459938239182
4,477.0,18.97,631.5,119.25,4.7425,119.25,0,0,very_low,400,231.5,"(400, 600]",660.0474947919773,-28.54749479197733,28.54749479197733
11,67.0,2455.53,1572.91,6.090909090909091,223.23000000000002,6.090909090909091,0,0,,1100,472.9100000000001,"(0, 100]",1561.1102981562167,11.799701843783396,11.799701843783396
7,789.0,185.73,966.26,112.71428571428571,26.532857142857143,112.71428571428571,0,0,medium,700,266.26,"(600, 800]",1027.468281718622,-61.20828171862195,61.20828171862195
13,70.0,993.7,1492.02,5.384615384615385,76.43846153846154,5.384615384615385,0,0,very_high,1300,192.01999999999998,"(0, 100]",1557.5639791838692,-65.54397918386917,65.54397918386917
12,59.0,858.62,1377.35,4.916666666666667,71.55166666666666,4.916666666666667,0,0,very_high,1200,177.3499999999999,"(0, 100]",1292.1747047953752,85.17529520462472,85.17529520462472
3,1027.0,180.0,804.96,342.3333333333333,60.0,342.3333333333333,0,0,medium,300,504.96000000000004,,770.2068041367268,34.75319586327328,34.75319586327328
3,275.0,543.74,572.73,91.66666666666667,181.24666666666667,91.66666666666667,0,0,medium_high,300,272.73,"(200, 400]",537.9782424120249,34.751757587975135,34.751757587975135
12,180.0,384.42,873.97,15.0,32.035000000000004,15.0,0,0,medium_high,1200,-326.03,"(100, 200]",918.9132058732773,-44.94320587327729,44.94320587327729
3,334.0,2449.89,1472.53,111.33333333333333,816.63,111.33333333333333,0,0,,300,1172.53,"(200, 400]",1443.2003178922685,29.329682107731514,29.329682107731514
7,759.0,1694.02,1960.92,108.42857142857143,242.00285714285715,108.42857142857143,0,0,very_high,700,1260.92,"(600, 800]",1831.4271749917937,129.4928250082064,129.4928250082064
10,174.0,1991.96,1542.4,17.4,199.196,17.4,0,0,very_high,1000,542.4000000000001,"(100, 200]",1557.659727507378,-15.259727507377875,15.259727507377875
1,780.0,366.37,516.69,780.0,366.37,780.0,0,0,medium_high,100,416.69000000000005,"(600, 800]",568.097784069764,-51.40778406976392,51.40778406976392
9,934.0,415.5,1208.82,103.77777777777777,46.166666666666664,103.77777777777777,0,0,medium_high,900,308.81999999999994,"(800, 1000]",1233.595411374642,-24.77541137464209,24.77541137464209
8,936.0,556.28,1277.26,117.0,69.535,117.0,0,0,medium_high,800,477.26,"(800, 1000]",1262.2583806905418,15.001619309458192,15.001619309458192
1,1002.0,2320.13,1475.4,1002.0,2320.13,1002.0,0,0,,100,1375.4,,1427.218820328622,48.181179671378004,48.181179671378004
7,83.0,137.84,482.65,11.857142857142858,19.69142857142857,11.857142857142858,0,0,medium,700,-217.35000000000002,"(0, 100]",585.3755621722642,-102.72556217226418,102.72556217226418
9,191.0,789.52,1058.5,21.22222222222222,87.72444444444444,21.22222222222222,0,0,high,900,158.5,"(100, 200]",1037.5225365247047,20.97746347529528,20.97746347529528
3,280.0,1090.37,1256.92,93.33333333333333,363.45666666666665,93.33333333333333,0,0,very_high,300,956.9200000000001,"(200, 400]",1271.1486872241344,-14.228687224134319,14.228687224134319
5,644.0,2383.17,1785.53,128.8,476.634,128.8,1,0,,500,1285.53,"(600, 800]",1667.1845145673835,118.34548543261644,118.34548543261644
10,498.0,992.86,1395.03,49.8,99.286,49.8,0,0,very_high,1000,395.03,"(400, 600]",1531.0711435726687,-136.04114357266872,136.04114357266872
4,317.0,1793.28,1518.93,79.25,448.32,79.25,0,0,very_high,400,1118.93,"(200, 400]",1466.533627211391,52.39637278860914,52.39637278860914
4,1100.0,370.61,860.32,275.0,92.6525,275.0,0,0,medium_high,400,460.32000000000005,,848.0416340285536,12.27836597144642,12.27836597144642
4,263.0,2469.06,1503.98,65.75,617.265,65.75,0,0,,400,1103.98,"(200, 400]",1418.0103316567672,85.9696683432328,85.9696683432328
4,932.0,1287.34,1513.28,233.0,321.835,233.0,0,0,very_high,400,1113.28,"(800, 1000]",1548.5361610178331,-35.256161017833165,35.256161017833165
14,343.0,2013.4,1839.05,24.5,143.81428571428572,24.5,0,0,,1400,439.04999999999995,"(200, 400]",1823.4164028115242,15.633597188475733,15.633597188475733
2,274.0,888.24,917.79,137.0,444.12,137.0,0,0,very_high,200,717.79,"(200, 400]",955.8325258462238,-38.04252584622384,38.04252584622384
1,759.0,330.29,500.92,759.0,330.29,759.0,0,0,medium_high,100,400.92,"(600, 800]",554.6090338675187,-53.68903386751873,53.68903386751873
8,204.0,2178.45,1506.38,25.5,272.30625,25.5,0,0,,800,706.3800000000001,"(200, 400]",1464.9799883119297,41.400011688070435,41.400011688070435
10,396.0,2068.65,1556.68,39.6,206.865,39.6,0,0,,1000,556.6800000000001,"(200, 400]",1594.9966336535426,-38.31663365354257,38.31663365354257
6,840.0,870.82,1496.46,140.0,145.13666666666668,140.0,0,0,very_high,600,896.46,"(800, 1000]",1590.890741285079,-94.43074128507897,94.43074128507897
7,756.0,1473.59,1961.96,108.0,210.51285714285714,108.0,0,0,very_high,700,1261.96,"(600, 800]",1836.8758523384192,125.0841476615808,125.0841476615808
4,1048.0,279.75,780.15,262.0,69.9375,262.0,0,0,medium,400,380.15,,842.8099868507194,-62.659986850719406,62.659986850719406
9,800.0,39.96,1158.68,88.88888888888889,4.44,88.88888888888889,0,0,very_low,900,258.68000000000006,"(600, 800]",1070.3087847885781,88.37121521142194,88.37121521142194
3,240.0,1895.67,1386.33,80.0,631.89,80.0,0,0,very_high,300,1086.33,"(200, 400]",1375.0424531300225,11.287546869977405,11.287546869977405
13,997.0,920.48,2124.16,76.6923076923077,70.80615384615385,76.6923076923077,0,0,very_high,1300,824.1599999999999,"(800, 1000]",1886.312064388833,237.8479356111668,237.8479356111668
2,826.0,2163.39,1523.26,413.0,1081.695,413.0,0,0,,200,1323.26,"(800, 1000]",1489.5755278324953,33.68447216750474,33.68447216750474
6,194.0,914.25,1168.72,32.333333333333336,152.375,32.333333333333336,0,0,very_high,600,568.72,"(100, 200]",1168.6118729462492,0.10812705375087717,0.10812705375087717
4,333.0,1934.76,1467.52,83.25,483.69,83.25,0,0,very_high,400,1067.52,"(200, 400]",1466.533627211391,0.9863727886090601,0.9863727886090601
8,1053.0,1864.01,1794.57,131.625,233.00125,131.625,0,0,very_high,800,994.5699999999999,,1839.0066378366398,-44.436637836639875,44.436637836639875
12,466.0,1291.33,1770.37,38.833333333333336,107.61083333333333,38.833333333333336,0,0,very_high,1200,570.3699999999999,"(400, 600]",1713.6311222934473,56.73887770655256,56.73887770655256
8,916.0,2417.62,1755.05,114.5,302.2025,114.5,0,0,,800,955.05,"(800, 1000]",1798.913327637866,-43.86332763786595,43.86332763786595
11,322.0,1251.3,1732.46,29.272727272727273,113.75454545454545,29.272727272727273,0,0,very_high,1100,632.46,"(200, 400]",1655.4916818195575,76.96831818044257,76.96831818044257
13,11.0,1114.96,1555.48,0.8461538461538461,85.76615384615386,0.8461538461538461,0,0,very_high,1300,255.48000000000002,"(0, 100]",1569.589575914386,-14.109575914385914,14.109575914385914
7,250.0,364.79,718.71,35.714285714285715,52.112857142857145,35.714285714285715,0,0,medium_high,700,18.710000000000036,"(200, 400]",722.6556781811611,-3.9456781811610426,3.9456781811610426
5,247.0,296.51,594.93,49.4,59.302,49.4,1,0,medium,500,94.92999999999995,"(200, 400]",621.1575478601486,-26.22754786014866,26.22754786014866
14,1158.0,2104.61,1899.69,82.71428571428571,150.32928571428573,82.71428571428571,0,0,,1400,499.69000000000005,,1976.63765886147,-76.94765886147002,76.94765886147002
11,1095.0,1071.83,2159.33,99.54545454545455,97.43909090909091,99.54545454545455,0,0,very_high,1100,1059.33,,2033.0613652918053,126.26863470819467,126.26863470819467
11,1149.0,270.81,1284.51,104.45454545454545,24.61909090909091,104.45454545454545,0,0,medium,1100,184.51,,1374.8141135575993,-90.3041135575993,90.3041135575993
9,14.0,1057.38,1372.31,1.5555555555555556,117.48666666666668,1.5555555555555556,0,0,very_high,900,472.30999999999995,"(0, 100]",1427.4727034238374,-55.162703423837456,55.162703423837456
4,184.0,983.77,1202.69,46.0,245.9425,46.0,0,0,very_high,400,802.69,"(100, 200]",880.3298146228481,322.360185377152,322.360185377152
6,135.0,2488.22,1561.2,22.5,414.7033333333333,22.5,0,0,,600,961.2,"(100, 200]",1527.5077648462627,33.69223515373733,33.69223515373733
5,717.0,1508.97,1722.49,143.4,301.794,143.4,1,0,very_high,500,1222.49,"(600, 800]",1696.472158920442,26.01784107955791,26.01784107955791
1,389.0,1964.96,1228.94,389.0,1964.96,389.0,0,0,very_high,100,1128.94,"(200, 400]",1244.8427837563574,-15.902783756357394,15.902783756357394
3,1136.0,1296.54,1536.6,378.6666666666667,432.18,378.6666666666667,0,0,very_high,300,1236.6,,1455.789936205397,80.81006379460291,80.81006379460291
13,145.0,2202.42,1716.13,11.153846153846153,169.41692307692307,11.153846153846153,0,0,,1300,416.1300000000001,"(100, 200]",1747.9408523802604,-31.810852380260258,31.810852380260258
1,1122.0,861.5,1081.05,1122.0,861.5,1122.0,0,0,very_high,100,981.05,,1107.7532031231865,-26.70320312318654,26.70320312318654
14,383.0,97.95,1203.93,27.357142857142858,6.996428571428572,27.357142857142858,0,0,low,1400,-196.06999999999994,"(200, 400]",1103.6323207801652,100.29767921983489,100.29767921983489
1,309.0,1211.37,1110.55,309.0,1211.37,309.0,0,0,very_high,100,1010.55,"(200, 400]",1160.1521013770266,-49.602101377026656,49.602101377026656
14,1090.0,2248.68,1905.5,77.85714285714286,160.61999999999998,77.85714285714286,0,0,,1400,505.5,,1986.6229381170376,-81.12293811703762,81.12293811703762
3,278.0,994.9,1167.78,92.66666666666667,331.6333333333333,92.66666666666667,0,0,very_high,300,867.78,"(200, 400]",1094.0129675080532,73.7670324919468,73.7670324919468
7,1109.0,2397.29,1917.57,158.42857142857142,342.46999999999997,158.42857142857142,0,0,,700,1217.57,,1865.0680100879833,52.5019899120166,52.5019899120166
12,643.0,2194.16,1758.03,53.583333333333336,182.84666666666666,53.583333333333336,0,0,,1200,558.03,"(600, 800]",1780.8644575508017,-22.834457550801744,22.834457550801744
11,176.0,1050.67,1444.13,16.0,95.51545454545455,16.0,0,0,very_high,1100,344.1300000000001,"(100, 200]",1487.905481175997,-43.7754811759969,43.7754811759969
7,309.0,1021.75,1309.85,44.142857142857146,145.96428571428572,44.142857142857146,0,0,very_high,700,609.8499999999999,"(200, 400]",1442.055824633916,-132.2058246339161,132.2058246339161
3,992.0,1897.41,1539.0,330.6666666666667,632.47,330.6666666666667,0,0,very_high,300,1239.0,"(800, 1000]",1525.865208358579,13.134791641421089,13.134791641421089
3,175.0,440.19,431.17,58.333333333333336,146.73,58.333333333333336,0,0,medium_high,300,131.17000000000002,"(100, 200]",432.78016174648747,-1.6101617464874494,1.6101617464874494
5,895.0,2329.69,1791.96,179.0,465.938,179.0,1,0,,500,1291.96,"(800, 1000]",1734.865224899516,57.09477510048396,57.09477510048396
8,372.0,348.37,950.24,46.5,43.54625,46.5,0,0,medium_high,800,150.24,"(200, 400]",840.9117918815904,109.32820811840963,109.32820811840963
5,567.0,193.11,718.3,113.4,38.622,113.4,1,0,medium,500,218.29999999999995,"(400, 600]",779.1155090028318,-60.815509002831845,60.815509002831845
8,978.0,710.43,1624.58,122.25,88.80375,122.25,0,0,high,800,824.5799999999999,"(800, 1000]",1577.7369282951606,46.8430717048393,46.8430717048393
1,1082.0,1809.49,446.94,1082.0,1809.49,1082.0,0,0,very_high,100,346.94,,1421.3893242277989,-974.4493242277988,974.4493242277988
11,636.0,2238.97,1699.94,57.81818181818182,203.54272727272726,57.81818181818182,0,0,,1100,599.94,"(600, 800]",1716.3523706135734,-16.41237061357333,16.41237061357333
6,370.0,315.09,946.39,61.666666666666664,52.51499999999999,61.666666666666664,0,0,medium_high,600,346.39,"(200, 400]",824.9579617255541,121.43203827444586,121.43203827444586
8,413.0,222.83,802.95,51.625,27.85375,51.625,0,0,medium,800,2.9500000000000455,"(400, 600]",851.4561544049549,-48.50615440495483,48.50615440495483
3,399.0,141.39,546.04,133.0,47.129999999999995,133.0,0,0,medium,300,246.03999999999996,"(200, 400]",533.8211346809865,12.218865319013503,12.218865319013503
